Lab Sample Number,Batch,Report Number,Sample Reference,Cluster,Sampling Group,Sample Site,Sample Number,Depth (m),Date Sampled,Time Taken,Stone Content (%),Moisture Content (%),Total mass of sample received (kg),Naphthalene,Acenaphthylene,Acenaphthene,Fluorene,Phenanthrene,Anthracene,Fluoranthene,Pyrene,Benzo(a)anthracene,Chrysene,Benzo(b)fluoranthene,Benzo(k)fluoranthene,Benzo(a)pyrene,"Indeno(1,2,3-cd)pyrene","Dibenz(a,h)anthracene",Benzo(ghi)perylene,Speciated Total EPA-16 PAHs,Benzene,Toluene,Ethylbenzene,p & m-xylene,o-xylene,MTBE (Methyl Tertiary Butyl Ether),Aliphatic >EC5 - EC6,Aliphatic >EC6 - EC8,Aliphatic >EC8 - EC10,Aliphatic >EC10 - EC12,Aliphatic >EC12 - EC16,Aliphatic >EC16 - EC21,Aliphatic >EC21 - EC35,Aliphatic > EC35 - EC44,Aliphatic (EC5 - EC35),Aliphatic (EC5 - EC44),Aromatic >EC5 - EC7,Aromatic >EC7 - EC8,Aromatic >EC8 - EC10,Aromatic >EC10 - EC12,Aromatic >EC12 - EC16,Aromatic >EC16 - EC21,Aromatic >EC21 - EC35,Aromatic > EC35 - EC44,Aromatic (EC5 - EC35),Aromatic (EC5 - EC44)
1048242,3,18-10834,BOD 1,0,0,BOD,None Supplied,None Supplied,7/9/18,None Supplied,0.1,69,0.17,0.05,0.05,0.05,0.05,0.05,0.05,2.2,1.6,0.05,0.05,0.05,0.05,0.05,0.05,0.05,0.05,3.87,1,1,1,1,1,1,0.001,0.001,0.001,8,950,3400,6000,1100,10000,11000,0.001,0.001,0.001,1,400,2700,5700,1300,8700,10000
1048243,3,18-10834,BOD 2,0,0,BOD,None Supplied,None Supplied,12/9/18,None Supplied,0.1,54,0.16,0.05,0.05,0.05,0.05,0.05,0.05,0.05,0.05,0.05,0.05,0.05,0.05,0.05,0.05,0.05,0.05,0.8,1,1,1,1,1,1,0.001,0.001,0.001,1,4.9,13,27,8.4,45,45,0.001,0.001,0.001,1,7.4,34,130,8.4,170,170
1060707,6,18-13020,BOD3,0,0,BOD,None Supplied,0.5,26/09/2018,None Supplied,0.1,44,0.18,0.05,0.05,0.05,0.05,0.05,0.05,0.05,0.05,0.05,0.05,0.05,0.05,0.05,0.05,0.05,0.05,0.8,1,1,1,1,1,1,0.001,0.001,0.001,1,2,8,8,8.4,10,10,0.001,0.001,0.001,1,2,10,10,8.4,10,10
1060708,6,18-13020,BOD4,0,0,BOD,None Supplied,2.76,26/09/2018,None Supplied,0.1,14,0.19,0.05,0.05,0.05,0.05,0.05,0.05,0.05,0.05,0.05,0.05,0.05,0.05,0.05,0.05,0.05,0.05,0.8,1,1,1,1,1,1,0.001,0.001,0.001,1,2,8,8,8.4,10,10,0.001,0.001,0.001,1,2,10,10,8.4,10,10
1060709,6,18-13020,BOD5,0,0,BOD,None Supplied,0.2,26/09/2018,None Supplied,0.1,78,0.18,0.05,0.05,0.05,0.05,0.05,0.05,0.05,0.05,0.05,0.05,0.05,0.05,0.05,0.05,0.05,0.05,0.8,1,1,1,1,1,1,0.001,0.001,0.001,2.3,99,440,740,130,1300,1400,0.001,0.001,0.001,1.1,100,570,1100,310,1800,2100
1060717,6,18-13020,BOD6,0,0,BOD,None Supplied,3,26/09/2018,None Supplied,0.1,53,0.16,0.05,0.05,0.05,0.05,0.05,0.05,0.05,0.05,0.05,0.05,0.05,0.05,0.05,0.05,0.05,0.05,0.8,1,1,1,1,1,1,0.001,0.001,0.001,1,2,8,8,8.4,10,10,0.001,0.001,0.001,1,2,10,10,8.4,10,10
1068590,7,18-14329,BOD7,0,0,BOD,None Supplied,None Supplied,8/10/18,None Supplied,0.1,26,0.16,0.05,0.05,0.05,0.05,0.05,0.05,0.05,0.05,0.05,0.05,0.05,0.05,0.05,0.05,0.05,0.05,0.8,1,1,1,1,1,1,0.001,0.001,0.001,1,2,8,8,8.4,10,10,0.001,0.001,0.001,1,2,10,10,8.4,10,10
1068598,7,18-14329,BOD8,0,0,BOD,None Supplied,None Supplied,9/10/18,None Supplied,0.1,56,0.16,0.05,0.05,0.05,0.05,0.05,0.05,0.05,0.05,0.05,0.05,0.05,0.05,0.05,0.05,0.05,0.05,0.8,1,1,1,1,1,1,0.001,0.001,0.001,1,2,8,18,8.4,18,18,0.001,0.001,0.001,1,2,10,10,8.4,10,10
1078388,8,18-16270,BOD 9,0,0,BOD,None Supplied,2.5,10/10/18,None Supplied,0.1,70,0.17,0.05,0.05,0.05,0.05,0.05,0.05,0.05,0.05,0.05,0.05,0.05,0.05,0.05,0.05,0.05,0.05,0.8,1,1,1,1,1,1,0.001,0.001,0.001,2.1,7.2,35,110,8.4,160,160,0.001,0.001,0.001,1,2,17,73,8.4,90,90
1078524,8,18-16270,BOD 10,0,0,BOD,None Supplied,None Supplied,16/10/2018,None Supplied,0.1,62,0.16,0.05,0.05,0.05,0.05,0.05,0.05,0.05,0.05,0.05,0.05,0.05,0.05,0.05,0.05,0.05,0.05,0.8,1,1,1,1,1,1,0.001,0.001,0.001,1,2,9.9,45,8.4,56,56,0.001,0.001,0.001,1,2,10,27,8.9,28,37
1078525,8,18-16270,BOD 11,0,0,BOD,None Supplied,None Supplied,17/10/2018,None Supplied,0.1,19,0.16,0.05,0.05,0.05,0.05,0.05,0.05,0.05,0.05,0.05,0.05,0.05,0.05,0.05,0.05,0.05,0.05,0.8,1,1,1,1,1,1,0.001,0.001,0.001,1,2,8,8,8.4,10,10,0.001,0.001,0.001,1,2,10,10,8.4,10,10
1030524,1,18-97670,3-018-1-G-C,1,3,3-O18,None Supplied,0,Deviating,None Supplied,0.1,65,0.16,0.05,0.05,0.05,0.05,0.05,0.05,0.05,0.05,0.05,0.05,0.05,0.05,0.05,0.05,0.05,0.05,0.8,1,1,1,1,1,1,0.001,0.001,0.001,96,7000,31000,64000,11000,100000,110000,0.001,0.001,0.001,28,4300,29000,63000,14000,97000,110000
1030525,1,18-97670,3-018-1-S-C,1,3,3-O18,None Supplied,0.25,Deviating,None Supplied,0.1,36,0.19,0.05,0.05,0.05,0.05,0.05,0.05,0.05,0.05,0.05,0.05,0.05,0.05,0.05,0.05,0.05,0.05,0.8,1,1,1,1,1,1,0.001,0.001,0.001,1,2,59,110,8.4,170,170,0.001,0.001,0.001,1,12,74,150,8.4,230,230
1030526,1,18-97670,3-018-1-D 0.5m-D,1,3,3-O18,None Supplied,0.5,Deviating,None Supplied,0.1,15,0.23,0.05,0.05,0.05,0.05,0.05,0.05,0.05,0.05,0.05,0.05,0.05,0.05,0.05,0.05,0.05,0.05,0.8,1,1,1,1,1,1,0.001,0.001,0.001,1,2,8,8,8.4,10,10,0.001,0.001,0.001,1,2,10,10,8.4,10,10
1030527,1,18-97670,3-018-1-D 1.0m-D,1,3,3-O18,None Supplied,1,Deviating,None Supplied,0.1,20,0.21,0.05,0.05,0.05,0.05,0.05,0.05,0.05,0.05,0.05,0.05,0.05,0.05,0.05,0.05,0.05,0.05,0.8,1,1,1,1,1,1,0.001,0.001,0.001,1,2,8,8,8.4,10,10,0.001,0.001,0.001,1,2,10,10,8.4,10,10
1042439,2,18-99642,3-I18-1-S-C,2,3,3-I18,None Supplied,0,30/08/2018,None Supplied,0.1,66,0.11,0.05,0.05,0.05,0.05,0.05,0.05,0.05,0.05,0.05,0.05,0.05,0.05,0.05,0.05,0.05,0.05,0.8,1,1,1,1,1,1,0.001,0.001,0.001,51,1900,4600,8100,2800,15000,17000,0.001,0.001,0.001,4.3,1100,5400,10000,5300,17000,22000
1042440,2,18-99642,3-I18-1-G-C,2,3,3-I18,None Supplied,0.25,30/08/2018,None Supplied,0.1,58,0.34,0.05,0.05,0.05,0.05,0.05,0.05,0.05,0.05,0.05,0.05,0.05,0.05,0.05,0.05,0.05,0.05,0.8,1,1,1,1,1,1,0.001,0.001,0.001,370,7000,29000,77000,13000,110000,130000,0.001,0.001,0.001,15,4600,36000,93000,33000,130000,170000
1042441,2,18-99642,3-I18-1-D 0.5-D,2,3,3-I18,None Supplied,0.5,30/08/2018,None Supplied,0.1,60,0.059,0.05,0.05,0.05,0.05,0.05,0.05,0.05,0.05,0.05,0.05,0.05,0.05,0.05,0.05,0.05,0.05,0.8,1,1,1,1,1,1,0.001,0.001,0.001,3.7,51,77,170,110,300,410,0.001,0.001,0.001,1,17,75,150,230,240,460
1042442,2,18-99642,3-I18-1-D 2.0-D,2,3,3-I18,None Supplied,2,30/08/2018,None Supplied,0.1,57,0.17,0.05,0.05,0.05,0.05,0.05,0.05,0.05,0.05,0.05,0.05,0.05,0.05,0.05,0.05,0.05,0.05,0.8,1,1,1,1,1,1,0.001,0.001,0.001,360,4900,8300,9800,2500,23000,26000,0.001,0.001,0.001,55,2600,7400,9300,3900,19000,23000
1042443,2,18-99642,3-I18-1-D 3.0-D,2,3,3-I18,None Supplied,3,30/08/2018,None Supplied,0.1,51,0.086,0.05,0.05,0.05,0.05,0.05,0.05,0.05,0.05,0.05,0.05,0.05,0.05,0.05,0.05,0.05,0.05,0.8,1,1,1,1,1,1,0.001,0.001,0.001,1,15,20,42,8.4,77,77,0.001,0.001,0.001,1,2,10,10,8.4,10,10
1042444,2,18-99642,3-I18-1-D 3.5-D,2,3,3-I18,None Supplied,3.5,30/08/2018,None Supplied,0.1,45,0.18,0.05,0.05,0.05,0.05,0.05,0.05,0.05,0.05,0.05,0.05,0.05,0.05,0.05,0.05,0.05,0.05,0.8,1,1,1,1,1,1,0.001,0.001,0.001,1,100,290,450,140,850,990,0.001,0.001,0.001,1,34,190,350,280,570,860
1042451,2,18-99642,3-I18-1-D 0.20-D,2,3,3-I18,None Supplied,0.2,28/08/2018,None Supplied,0.1,22,0.19,0.05,0.05,0.05,0.05,0.05,0.05,0.05,0.05,0.05,0.05,0.05,0.05,0.05,0.05,0.05,0.05,0.8,1,1,1,1,1,1,0.001,0.001,0.001,2.5,58,310,710,150,1100,1200,0.001,0.001,0.001,1.2,36,220,500,8.4,750,750
1042452,2,18-99642,3-I18-1-D 0.75-D,2,3,3-I18,None Supplied,0.7,28/08/2018,None Supplied,0.1,19,0.18,0.05,0.05,0.05,0.05,0.05,0.05,0.05,0.05,0.05,0.05,0.05,0.05,0.05,0.05,0.05,0.05,0.8,1,1,1,1,1,1,0.001,0.001,0.001,1,2,8,8,8.4,10,10,0.001,0.001,0.001,1,2,10,10,8.4,10,10
1042445,2,18-99642,3-H18-1-S-C,3,3,3-H18,None Supplied,0,31/08/2018,None Supplied,0.1,71,0.23,0.05,0.05,0.05,0.05,0.05,0.05,0.05,0.05,0.05,0.05,0.05,0.05,0.05,0.05,0.05,0.05,0.8,1,1,1,1,1,1,0.001,0.001,0.001,230,4300,7900,12000,2300,24000,26000,0.001,0.001,0.001,34,3000,12000,18000,5800,33000,38000
1042446,2,18-99642,3-H18-1-G-C,3,3,3-H18,None Supplied,0.25,31/08/2018,None Supplied,0.1,65,0.34,0.05,0.05,0.05,0.05,0.05,0.05,0.05,0.05,0.05,0.05,0.05,0.05,0.05,0.05,0.05,0.05,0.8,1,1,1,1,1,1,0.001,0.001,0.001,380,5300,20000,50000,9300,75000,85000,0.001,0.001,0.001,300,2000,16000,40000,13000,58000,71000
1042447,2,18-99642,3-H18-1-D 0.5-D,3,3,3-H18,None Supplied,0.5,31/08/2018,None Supplied,0.1,59,0.096,0.05,0.05,0.05,0.05,0.05,0.05,0.05,0.05,0.05,0.05,0.05,0.05,0.05,0.05,0.05,0.05,0.8,1,1,1,1,1,1,0.001,0.001,0.001,170,2100,4000,5600,710,12000,13000,0.001,0.001,0.001,14,780,2700,4100,1100,7600,8700
1042448,2,18-99642,3-H18-1-D 1.0-D,3,3,3-H18,None Supplied,1,31/08/2018,None Supplied,0.1,53,0.18,0.05,0.05,0.05,0.05,0.05,0.05,0.05,0.05,0.05,0.05,0.05,0.05,0.05,0.05,0.05,0.05,0.8,1,1,1,1,1,1,0.001,0.001,0.001,1,22,37,81,18,140,160,0.001,0.001,0.001,1,2,12,60,8.4,72,72
1042449,2,18-99642,3-H18-1-D 2.0-D,3,3,3-H18,None Supplied,2,31/08/2018,None Supplied,0.1,55,0.26,0.05,0.05,0.05,0.05,0.05,0.05,0.05,0.05,0.05,0.05,0.05,0.05,0.05,0.05,0.05,0.05,0.8,1,1,1,1,1,1,0.001,0.001,0.001,15,150,260,350,90,770,860,0.001,0.001,0.001,3.8,62,140,290,8.4,500,500
1042450,2,18-99642,3-H18-1-D 2.6-D,3,3,3-H18,None Supplied,2.6,31/08/2018,None Supplied,0.1,55,0.11,0.05,0.05,0.05,0.05,0.05,0.05,0.05,0.05,0.05,0.05,0.05,0.05,0.05,0.05,0.05,0.05,0.8,1,1,1,1,1,1,0.001,0.001,0.001,1,2,8,8,8.4,10,10,0.001,0.001,0.001,1,2,10,10,8.4,10,10
1048232,3,18-10834,5-M26-1-D11.0-D,4,5,5-M26,None Supplied,1,12/9/18,None Supplied,0.1,54,0.17,0.05,0.05,0.05,0.05,0.05,0.05,0.05,0.05,0.05,0.05,0.05,0.05,0.05,0.05,0.05,0.05,0.8,1,1,1,1,1,1,0.001,0.001,0.001,1,7.1,19,63,8.4,90,90,0.001,0.001,0.001,1,3,15,49,8.4,67,67
1048233,3,18-10834,5-M26-1-D12.0-D,4,5,5-M26,None Supplied,2,12/9/18,None Supplied,0.1,53,0.17,0.05,0.05,0.05,0.05,0.05,0.05,0.05,0.05,0.05,0.05,0.05,0.05,0.05,0.05,0.05,0.05,0.8,1,1,1,1,1,1,0.001,0.001,0.001,1.4,16,27,55,8.4,99,99,0.001,0.001,0.001,1,6,28,62,8.4,95,95
1048234,3,18-10834,5-M26-1-D12.2-D,4,5,5-M26,None Supplied,2.2,12/9/18,None Supplied,0.1,20,0.21,0.96,0.38,0.05,0.52,1.4,0.53,1.2,1.1,0.05,0.05,0.05,0.05,0.05,0.05,0.05,0.05,5.98,1,1,1,1,1,1,0.001,0.001,0.001,1,23,110,340,36,470,510,0.001,0.001,0.001,1,12,69,300,8.4,380,380
1048235,3,18-10834,3-M18-1-S-C,5,3,3-M18,None Supplied,0,10/9/18,None Supplied,0.1,72,0.34,0.05,0.05,0.05,0.05,0.05,0.05,0.05,0.05,0.05,0.05,0.05,0.05,0.05,0.05,0.05,0.05,0.8,1,1,1,1,1,1,0.001,0.001,0.001,1,50,3300,6700,1400,10000,11000,0.001,0.001,0.001,15,460,2800,6000,1600,9200,11000
1048236,3,18-10834,3-M18-1-G-C,5,3,3-M18,None Supplied,0.25,10/9/18,None Supplied,0.1,65,0.34,0.05,0.05,0.05,0.05,0.05,0.05,0.05,0.05,0.05,0.05,0.05,0.05,0.05,0.05,0.05,0.05,0.8,1,1,1,1,1,1,0.001,0.001,0.001,56,2400,6900,13000,2200,22000,24000,0.001,0.001,0.001,31,1200,7300,15000,3900,24000,27000
1048237,3,18-10834,3-M18-1-D0.5-D,5,3,3-M18,None Supplied,0.5,10/9/18,None Supplied,0.1,64,0.17,0.05,0.05,0.05,0.05,0.05,0.05,0.05,0.05,0.05,0.05,0.05,0.05,0.05,0.05,0.05,0.05,0.8,1,1,1,1,1,1,0.001,0.001,0.001,2.2,30,57,130,62,220,280,0.001,0.001,0.001,1,8.2,29,110,8.4,150,150
1048238,3,18-10834,3-M18-1-D1.0-D,5,3,3-M18,None Supplied,1,10/9/18,None Supplied,0.1,57,0.17,0.05,0.05,0.05,0.05,0.78,0.22,0.87,0.71,0.05,0.05,0.05,0.05,0.05,0.05,0.05,0.05,2.58,1,1,1,1,1,1,0.001,0.001,0.001,1,8.2,42,110,9,160,170,0.001,0.001,0.001,1,7.6,49,120,8.4,180,180
1048239,3,18-10834,3-M18-1-D2.0-D,5,3,3-M18,None Supplied,2,10/9/18,None Supplied,0.1,55,0.17,0.05,0.05,0.05,0.05,0.05,0.05,0.05,0.05,0.05,0.05,0.05,0.05,0.05,0.05,0.05,0.05,0.8,1,1,1,1,1,1,0.001,0.001,0.001,1,2,8,14,8.4,14,14,0.001,0.001,0.001,1,2,10,10,8.4,10,10
1048240,3,18-10834,3-M18-1-D3.0-D,5,3,3-M18,None Supplied,3,10/9/18,None Supplied,0.1,51,0.17,0.05,0.05,0.05,0.05,0.37,0.05,0.47,0.37,0.05,0.05,0.05,0.05,0.05,0.05,0.05,0.05,1.21,1,1,1,1,1,1,0.001,0.001,0.001,1,2,8,12,8.4,12,12,0.001,0.001,0.001,1,2.8,10,13,8.4,26,26
1048241,3,18-10834,3-M18-1-D3.03-D,5,3,3-M18,None Supplied,3.03,10/9/18,None Supplied,0.1,52,0.17,0.05,0.05,0.05,0.05,0.05,0.05,0.05,0.05,0.05,0.05,0.05,0.05,0.05,0.05,0.05,0.05,0.8,1,1,1,1,1,1,0.001,0.001,0.001,1,3.8,13,32,8.4,49,49,0.001,0.001,0.001,1,4.9,31,90,8.4,130,130
1081120,9,18-16702,3-G23-1-D-2.0m-D,6,3,3-G23,None Supplied,2,23/10/2018,1715,0.1,47,0.13,0.05,0.05,0.05,0.05,0.05,0.05,0.05,0.05,0.05,0.05,0.05,0.05,0.05,0.05,0.05,0.05,0.8,1,1,1,1,1,1,0.001,0.001,0.001,1,2,8,8,8.4,10,10,0.001,0.001,0.001,1,2,10,10,8.4,10,10
1081121,9,18-16702,3-G23-1-D-2.32m-D,6,3,3-G23,None Supplied,2.32,23/10/2018,1726,0.1,47,0.13,0.05,0.05,0.05,0.05,0.05,0.05,0.05,0.05,0.05,0.05,0.05,0.05,0.05,0.05,0.05,0.05,0.8,1,1,1,1,1,1,0.001,0.001,0.001,1,2,8,8,8.4,10,10,0.001,0.001,0.001,1,2,10,10,8.4,10,10
1048244,3,18-10834,3-I18-1-D0.25-D,7,3,3-I18,None Supplied,0.25,30/08/2018,None Supplied,0.1,68,0.33,4.6,0.05,0.05,0.05,0.05,0.05,0.05,0.05,0.05,0.05,0.05,0.05,0.05,0.05,0.05,0.05,4.62,1,1,1,1,1,1,0.001,0.001,0.49,110,5300,13000,23000,4800,41000,46000,0.001,0.001,0.001,1,2400,13000,23000,5700,38000,44000
1048245,3,18-10834,3-I18-1-D0.5-D,7,3,3-I18,None Supplied,0.5,30/08/2018,None Supplied,0.1,65,0.32,4,0.05,0.05,0.05,0.05,0.05,0.05,0.05,0.05,0.05,0.05,0.05,0.05,0.05,0.05,0.05,3.98,1,1,1,1,1,1,0.001,0.001,0.39,67,2900,5900,14000,2600,22000,25000,0.001,0.001,0.001,1,2800,8500,19000,4300,30000,34000
1048246,3,18-10834,3-I18-1-D1.1-D,7,3,3-I18,None Supplied,1.1,30/08/2018,None Supplied,0.1,56,0.35,1.7,0.05,0.05,0.05,3.3,0.05,1.7,0.05,0.05,0.05,0.05,0.05,0.05,0.05,0.05,0.05,6.72,1,1,1,1,1,1,0.001,0.001,0.001,190,3000,6700,8100,1600,18000,20000,0.001,0.001,0.001,27,970,3300,5400,1300,9700,11000
1049694,4,18-11100,4-E23-1-S-C,8,4,4-E23,None Supplied,0,11/9/18,None Supplied,0.1,61,0.32,0.05,0.05,0.05,0.05,0.05,0.05,0.05,0.05,0.05,0.05,0.05,0.05,0.05,0.05,0.05,0.05,0.8,1,1,1,1,1,1,0.001,0.001,0.001,340,5600,16000,36000,7100,58000,65000,0.001,0.001,0.001,90,3400,19000,46000,11000,68000,79000
1049695,4,18-11100,4-E23-1-G-C,8,4,4-E23,None Supplied,0.25,11/9/18,None Supplied,0.1,61,0.34,0.46,0.05,0.05,0.05,0.05,0.05,0.05,0.05,0.05,0.05,0.05,0.05,0.05,0.05,0.05,0.05,0.8,1,1,1,1,1,1,0.001,0.001,0.001,20,970,3500,12000,2100,16000,18000,0.001,0.001,0.001,3.7,550,4200,14000,3200,19000,22000
1049696,4,18-11100,4-E23-1-D0.5-D,8,4,4-E23,None Supplied,0.5,11/9/18,None Supplied,0.1,56,0.16,0.05,0.05,0.05,0.05,0.05,0.05,0.05,0.05,0.05,0.05,0.05,0.05,0.05,0.05,0.05,0.05,0.8,1,1,1,1,1,1,0.001,0.001,0.001,4.9,40,110,300,95,450,550,0.001,0.001,0.001,1,7,77,440,8.4,520,520
1049697,4,18-11100,4-E23-1-D1.0-D,8,4,4-E23,None Supplied,1,11/9/18,None Supplied,0.1,55,0.17,0.05,0.05,0.05,0.05,0.05,0.05,0.05,0.05,0.05,0.05,0.05,0.05,0.05,0.05,0.05,0.05,0.8,1,1,1,1,1,1,0.001,0.001,0.001,1,2,8,10,8.4,10,10,0.001,0.001,0.001,1,2,10,10,8.4,10,10
1049698,4,18-11100,4-E23-1-D2.0-D,8,4,4-E23,None Supplied,2..0,11/9/18,None Supplied,0.1,55,0.17,0.05,0.05,0.05,0.05,0.05,0.05,0.05,0.05,0.05,0.05,0.05,0.05,0.05,0.05,0.05,0.05,0.8,1,1,1,1,1,1,0.001,0.001,0.001,1,2,8,20,8.4,20,20,0.001,0.001,0.001,1,2,10,10,8.4,10,10
1049699,4,18-11100,4-E23-1-D2.6-D,8,4,4-E23,None Supplied,2.6,11/9/18,None Supplied,0.1,52,0.16,0.05,0.05,0.05,0.05,0.05,0.05,0.05,0.05,0.05,0.05,0.05,0.05,0.05,0.05,0.05,0.05,0.8,1,1,1,1,1,1,0.001,0.001,0.001,1,12,33,89,63,130,200,0.001,0.001,0.001,1,2,16,68,8.4,84,84
1049700,4,18-11100,3-K18-1-S-C,9,3,3-K18,None Supplied,0,7/9/18,None Supplied,0.1,74,0.33,1.2,0.05,0.05,0.05,0.05,0.05,0.05,0.05,0.05,0.05,0.05,0.05,0.05,0.05,0.05,0.05,1.17,1,1,1,1,1,1,0.001,0.001,0.001,4.7,350,1000,2600,280,3900,4200,0.001,0.001,0.001,3,270,1500,6400,310,8200,8500
1049701,4,18-11100,3-K18-1-G-C,9,3,3-K18,None Supplied,0.25,7/9/17,None Supplied,0.1,66,0.31,0.67,0.05,0.05,0.05,0.05,0.05,0.05,0.05,0.05,0.05,0.05,0.05,0.05,0.05,0.05,0.05,0.8,1,1,1,1,1,1,0.001,0.001,0.001,50,2400,5500,12000,1900,20000,21000,0.001,0.001,0.001,2.6,1100,5800,13000,2700,20000,23000
1049702,4,18-11100,3-K18-1-D0.5-D,9,3,3-K18,None Supplied,0.5,7/9/18,None Supplied,0.1,67,0.16,1.8,0.05,0.05,0.05,0.05,0.05,0.05,0.05,0.05,0.05,0.05,0.05,0.05,0.05,0.05,0.05,1.8,1,1,1,1,1,1,0.001,0.001,0.001,12,2000,6400,12000,1900,21000,22000,0.001,0.001,0.001,2.9,890,6100,13000,2900,20000,23000
1049703,4,18-11100,3-K18-1-D1.0-D,9,3,3-K18,None Supplied,1,7/9/18,None Supplied,0.1,60,0.17,0.87,0.05,0.05,0.28,0.47,0.05,0.05,0.05,0.05,0.05,0.05,0.05,0.05,0.05,0.05,0.05,1.62,1,1,1,1,1,1,0.001,0.001,0.001,1,3.5,19,55,8.4,77,77,0.001,0.001,0.001,1,2,19,100,8.4,120,120
1049704,4,18-11100,3-K18-1-D2.0-D,9,3,3-K18,None Supplied,2,7/9/18,None Supplied,0.1,55,0.17,0.56,0.05,0.05,0.05,0.05,0.05,0.05,0.05,0.05,0.05,0.05,0.05,0.05,0.05,0.05,0.05,0.8,1,1,1,1,1,1,0.001,0.001,0.001,1,2,8,13,8.4,13,13,0.001,0.001,0.001,1,2,10,10,8.4,10,10
1049705,4,18-11100,3-K18-1-D2.75-D,9,3,3-K18,None Supplied,2.7,7/9/18,None Supplied,0.1,54,0.18,0.61,0.05,0.05,0.05,0.05,0.05,0.05,0.05,0.05,0.05,0.05,0.05,0.05,0.05,0.05,0.05,0.8,1,1,1,1,1,1,0.001,0.001,0.001,1,58,200,550,52,800,860,0.001,0.001,0.001,1,27,220,1000,73,1300,1400
1049706,4,18-11100,5-M26-1-S-C,10,5,5-M26,None Supplied,0,12/9/18,None Supplied,0.1,61,0.33,0.76,0.05,0.05,0.05,0.05,0.05,0.05,0.05,0.05,0.05,0.05,0.05,0.05,0.05,0.05,0.05,0.8,1,1,1,1,1,1,0.001,0.001,0.001,57,2100,4000,8000,1300,14000,15000,0.001,0.001,0.001,3.5,510,2700,7300,1600,10000,12000
1049707,4,18-11100,5-M26-1-G-C,10,5,5-M26,None Supplied,0.25,12/9/18,None Supplied,0.1,51,0.33,0.75,0.05,0.05,0.05,0.05,0.05,0.05,0.05,0.05,0.05,0.05,0.05,0.05,0.05,0.05,0.05,0.8,1,1,1,1,1,1,0.001,0.001,0.001,32,1000,4200,13000,1800,19000,21000,0.001,0.001,0.001,1,300,3700,26000,1700,30000,32000
1049708,4,18-11100,5-M26-1-D0.5-D,10,5,5-M26,None Supplied,0.5,12/9/18,None Supplied,0.1,69,0.15,1.2,0.05,0.05,0.05,0.7,0.05,0.05,0.05,0.05,0.05,0.05,0.05,0.05,0.05,0.05,0.05,1.92,1,1,1,1,1,1,0.001,0.001,0.001,5.7,140,350,840,170,1300,1500,0.001,0.001,0.001,1,51,390,1700,100,2100,2200
1049709,4,18-11100,3-I18-1-D1.6-D,11,3,3-I18,None Supplied,1.6,12/9/18,None Supplied,0.1,53,0.16,0.49,0.05,0.05,0.05,0.74,0.05,0.05,0.05,0.05,0.05,0.05,0.05,0.05,0.05,0.05,0.05,1.23,1,1,1,1,1,1,0.001,0.001,0.001,16,310,690,1200,220,2200,2400,0.001,0.001,0.001,3.8,180,630,2200,180,3000,3200
1049710,4,18-11100,3-I18-1-D0.85-D,11,3,3-I18,None Supplied,0.85,12/9/18,None Supplied,0.1,57,0.17,2.3,0.05,0.05,0.05,5.1,0.05,0.05,0.05,0.05,0.05,0.05,0.05,0.05,0.05,0.05,0.05,7.42,1,1,1,1,1,1,0.001,0.001,0.001,30,1500,3800,6200,1400,12000,13000,0.001,0.001,0.001,20,1800,5200,8500,1900,16000,17000
1056845,5,18-12342,4-L23-1-G-C,12,4,4-L23,None Supplied,0,20/09/2018,None Supplied,0.1,59,0.15,0.05,0.05,0.05,0.05,0.05,0.05,0.05,0.05,0.05,0.05,0.05,0.05,0.05,0.05,0.05,0.05,0.8,1,1,1,1,1,1,0.001,0.001,0.001,6.3,480,1900,4500,1200,6900,8100,0.001,0.001,0.001,3.1,810,6400,18000,5300,25000,30000
1056846,5,18-12342,4-L23-1-S-C,12,4,4-L23,None Supplied,0.25,20/09/2018,None Supplied,0.1,71,0.15,0.05,0.05,0.05,0.05,0.05,0.05,0.05,0.05,0.05,0.05,0.05,0.05,0.05,0.05,0.05,0.05,0.8,1,1,1,1,1,1,0.001,0.001,0.001,41,890,1500,2900,350,5300,5700,0.001,0.001,0.001,6.8,380,1700,3500,740,5600,6400
1056847,5,18-12342,4-L23-1-D0.5-D,12,4,4-L23,None Supplied,0.5,20/09/2018,None Supplied,0.1,53,0.16,0.05,0.05,0.05,0.05,0.05,0.05,0.05,0.05,0.05,0.05,0.05,0.05,0.05,0.05,0.05,0.05,0.8,1,1,1,1,1,1,0.001,0.001,0.001,1,2,8,11,8.4,11,11,0.001,0.001,0.001,1,9.9,53,120,50,190,240
1056848,5,18-12342,4-L23-1-D1.0-D,12,4,4-L23,None Supplied,1,20/09/2018,None Supplied,0.1,51,0.17,0.05,0.05,0.05,0.05,0.05,0.05,0.05,0.05,0.05,0.05,0.05,0.05,0.05,0.05,0.05,0.05,0.8,1,1,1,1,1,1,0.001,0.001,0.001,1,2,16,69,33,86,120,0.001,0.001,0.001,1,21,160,410,130,590,720
1056849,5,18-12342,4-L23-1-D2.0-D,12,4,4-L23,None Supplied,2,20/09/2018,None Supplied,0.1,52,0.16,0.05,0.05,0.05,0.05,0.05,0.05,0.05,0.05,0.05,0.05,0.05,0.05,0.05,0.05,0.05,0.05,0.8,1,1,1,1,1,1,0.001,0.001,0.001,14,170,580,1600,280,2400,2700,0.001,0.001,0.001,1,100,960,2200,540,3200,3800
1056850,5,18-12342,4-L23-1-D3.0D,12,4,4-L23,None Supplied,3,20/09/2018,None Supplied,0.1,14,0.2,0.05,0.05,0.05,0.05,0.05,0.05,0.05,0.05,0.05,0.05,0.05,0.05,0.05,0.05,0.05,0.05,0.8,1,1,1,1,1,1,0.001,0.001,0.001,1,2,8,8,8.4,10,10,0.001,0.001,0.001,1,2,10,10,8.4,10,10
1056851,5,18-12342,4-L23-1-D3.02-D,12,4,4-L23,None Supplied,3.02,20/09/2018,None Supplied,0.1,14,0.2,0.05,0.05,0.05,0.05,0.05,0.05,0.05,0.05,0.05,0.05,0.05,0.05,0.05,0.05,0.05,0.05,0.8,1,1,1,1,1,1,0.001,0.001,0.001,1,2,8,8,8.4,10,10,0.001,0.001,0.001,1,4.4,18,46,8.4,69,69
1056885,5,18-12342,4-L23-1-D0.1-D,12,4,4-L23,None Supplied,0.1,20/09/2018,None Supplied,0.1,68,0.17,0.05,0.05,0.05,0.05,0.05,0.05,0.05,0.05,0.05,0.05,0.05,0.05,0.05,0.05,0.05,0.05,0.8,1,1,1,1,1,1,0.001,0.001,0.001,44,880,2000,4300,600,7200,7800,0.001,0.001,0.001,20,420,2600,7300,2700,10000,13000
1056852,5,18-12342,4-M23-1-S-C,13,4,4-M23,None Supplied,0,21/09/2018,None Supplied,0.1,51,0.34,0.05,0.05,0.05,0.05,0.05,0.05,0.05,0.05,0.05,0.05,0.05,0.05,0.05,0.05,0.05,0.05,0.8,1,1,1,1,1,1,0.001,0.001,0.001,19,340,1200,3600,1100,5200,6300,0.001,0.001,0.001,8,690,5800,17000,4800,24000,29000
1056853,5,18-12342,4-M23-1-G-C,13,4,4-M23,None Supplied,0.25,21/09/2018,None Supplied,0.1,71,0.32,0.05,0.05,0.05,0.05,0.05,0.05,0.05,0.05,0.05,0.05,0.05,0.05,0.05,0.05,0.05,0.05,0.8,1,1,1,1,1,1,0.001,0.001,0.52,110,4000,8000,12000,1900,24000,26000,0.001,0.001,0.001,6.8,2000,8000,14000,3500,24000,28000
1056854,5,18-12342,4-M23-1-D0.5-D,13,4,4-M23,None Supplied,0.5,21/09/2018,None Supplied,0.1,61,0.16,0.05,0.05,0.05,0.05,0.05,0.05,0.05,0.05,0.05,0.05,0.05,0.05,0.05,0.05,0.05,0.05,0.8,1,1,1,1,1,1,0.001,0.001,0.45,26,470,1100,1700,520,3300,3800,0.001,0.001,0.001,4.4,490,2000,4100,1200,6600,7800
1056855,5,18-12342,4-M23-1-D1.0-D,13,4,4-M23,None Supplied,1,21/09/2018,None Supplied,0.1,56,0.17,0.05,0.05,0.05,0.05,0.05,0.05,0.05,0.05,0.05,0.05,0.05,0.05,0.05,0.05,0.05,0.05,0.8,1,1,1,1,1,1,0.001,0.001,0.001,6.5,43,140,280,97,470,570,0.001,0.001,0.001,1,10,100,310,250,430,680
1056856,5,18-12342,4-M23-1-D2.0-D,13,4,4-M23,None Supplied,2,21/09/2018,None Supplied,0.1,24,0.19,0.05,0.05,0.05,0.05,0.05,0.05,0.05,0.05,0.05,0.05,0.05,0.05,0.05,0.05,0.05,0.05,0.8,1,1,1,1,1,1,0.001,0.001,0.001,1,2,20,41,11,61,72,0.001,0.001,0.001,1,2,28,88,150,120,260
1056857,5,18-12342,4-M23-1-D2.8-D,13,4,4-M23,None Supplied,2.8,21/09/2018,None Supplied,0.1,49,0.16,0.05,0.05,0.05,0.05,0.05,0.05,0.05,0.05,0.05,0.05,0.05,0.05,0.05,0.05,0.05,0.05,0.8,1,1,1,1,1,1,0.001,0.001,0.001,1,11,190,1800,380,2000,2400,0.001,0.001,0.001,1,48,800,2300,650,3200,3800
1056883,5,18-12342,4-M23-1-D0.4-D,13,4,4-M23,None Supplied,0.4,21/09/2018,None Supplied,0.1,59,0.15,0.05,0.05,0.05,0.05,0.05,0.05,0.05,0.05,0.05,0.05,0.05,0.05,0.05,0.05,0.05,0.05,0.8,1,1,1,1,1,1,0.001,0.001,0.077,54,1400,4000,8900,1500,14000,16000,0.001,0.001,0.001,62,2800,13000,33000,7200,49000,56000
1056858,5,18-12342,2-F15-1-S-C,14,2,2-F15,None Supplied,0,24/09/2018,None Supplied,0.1,59,0.34,0.05,0.05,0.05,0.05,0.05,0.05,1.3,1.4,0.05,0.05,0.05,0.05,0.05,0.05,0.05,0.05,2.72,1,1,1,1,1,1,0.001,0.001,0.001,26,860,5300,15000,2300,21000,24000,0.001,0.001,0.001,1,400,5200,18000,4400,24000,28000
1056859,5,18-12342,2-F15-1-G-C,14,2,2-F15,None Supplied,0.25,24/09/2018,None Supplied,0.1,70,0.33,0.05,0.05,0.05,0.05,0.05,0.05,0.05,0.05,0.05,0.05,0.05,0.05,0.05,0.05,0.05,0.05,0.8,1,1,1,1,1,1,0.001,0.001,0.001,120,4000,12000,26000,3900,42000,46000,0.001,0.001,0.001,52,2300,13000,28000,8100,44000,52000
1056860,5,18-12342,2-F15-1-D0.5-D,14,2,2-F15,None Supplied,0.5,24/09/2018,None Supplied,0.1,64,0.16,0.05,0.05,0.05,0.05,0.05,0.05,0.05,0.05,0.05,0.05,0.05,0.05,0.05,0.05,0.05,0.05,0.8,1,1,1,1,1,1,0.001,0.001,0.001,1.3,16,65,140,54,230,280,0.001,0.001,0.001,1,3.4,45,130,120,180,290
1056861,5,18-12342,2-F15-1-D1.0-D,14,2,2-F15,None Supplied,1,24/09/2018,None Supplied,0.1,56,0.17,0.05,0.05,0.05,0.05,0.05,0.05,0.05,0.05,0.05,0.05,0.05,0.05,0.05,0.05,0.05,0.05,0.8,1,1,1,1,1,1,0.001,0.001,0.001,3.1,8.8,34,92,35,140,170,0.001,0.001,0.001,1,2,20,59,65,81,150
1056862,5,18-12342,2-F15-1-D2.0-D,14,2,2-F15,None Supplied,2,24/09/2018,None Supplied,0.1,56,0.17,0.05,0.05,0.05,0.05,0.05,0.05,0.05,0.05,0.05,0.05,0.05,0.05,0.05,0.05,0.05,0.05,0.8,1,1,1,1,1,1,0.001,0.001,0.001,1,9.7,35,90,32,140,170,0.001,0.001,0.001,1,3.8,34,110,67,150,220
1056863,5,18-12342,2-F15-1-D3.0-D,14,2,2-F15,None Supplied,3,24/09/2018,None Supplied,0.1,53,0.17,0.05,0.05,0.05,0.05,0.05,0.05,0.05,0.05,0.05,0.05,0.05,0.05,0.05,0.05,0.05,0.05,0.8,1,1,1,1,1,1,0.001,0.001,0.001,1.7,26,120,310,62,450,510,0.001,0.001,0.001,1,6.2,87,250,89,340,430
1056864,5,18-12342,2-I15-1-S-C,15,2,2-I15,None Supplied,0,24/09/2018,None Supplied,0.1,63,0.34,0.05,0.05,0.05,0.05,0.05,0.05,0.05,0.05,0.05,0.05,0.05,0.05,0.05,0.05,0.05,0.05,0.8,1,1,1,1,1,1,0.001,0.001,0.001,19,920,4900,15000,2100,21000,23000,0.001,0.001,0.001,1.9,390,4700,18000,4100,23000,27000
1056865,5,18-12342,2-I15-2-G-C,15,2,2-I15,None Supplied,0.25,24/09/2018,None Supplied,0.1,63,0.32,0.05,0.05,0.05,0.05,0.05,0.05,0.05,0.05,0.05,0.05,0.05,0.05,0.05,0.05,0.05,0.05,0.8,1,1,1,1,1,1,0.001,0.001,0.001,50,940,4500,12000,2100,18000,20000,0.001,0.001,0.001,1,350,3900,12000,2700,16000,19000
1056866,5,18-12342,2-I15-3-D0.5-D,15,2,2-I15,None Supplied,0.5,24/09/2018,None Supplied,0.1,64,0.17,0.05,0.05,0.05,0.05,0.05,0.05,0.05,0.05,0.05,0.05,0.05,0.05,0.05,0.05,0.05,0.05,0.8,1,1,1,1,1,1,0.001,0.001,0.001,2,25,230,830,220,1100,1300,0.001,0.001,0.001,1,17,270,760,290,1100,1300
1056867,5,18-12342,2-I15-3-D1.0-D,15,2,2-I15,None Supplied,1,24/09/2018,None Supplied,0.1,60,0.16,0.05,0.05,0.05,0.05,0.05,0.05,0.27,0.24,0.05,0.05,0.05,0.05,0.05,0.05,0.05,0.05,0.8,1,1,1,1,1,1,0.001,0.001,0.001,4,120,790,2100,480,3000,3500,0.001,0.001,0.001,1,71,720,1900,530,2700,3200
1056868,5,18-12342,2-I15-3-D2.0-D,15,2,2-I15,None Supplied,2,24/09/2018,None Supplied,0.1,54,0.16,0.05,0.05,0.05,0.05,0.05,0.05,0.05,0.05,0.05,0.05,0.05,0.05,0.05,0.05,0.05,0.05,0.8,1,1,1,1,1,1,0.001,0.001,0.001,2.1,17,86,250,100,360,460,0.001,0.001,0.001,1,2,28,120,110,140,260
1056869,5,18-12342,2-I15-3-D3.0-D,15,2,2-I15,None Supplied,3,24/09/2018,None Supplied,0.1,53,0.17,0.05,0.05,0.05,0.05,0.05,0.05,0.05,0.05,0.05,0.05,0.05,0.05,0.05,0.05,0.05,0.05,0.8,1,1,1,1,1,1,0.001,0.001,0.001,1,16,120,350,69,480,550,0.001,0.001,0.001,1,12,130,390,100,530,630
1056870,5,18-12342,2-I15-3-D3.8-D,15,2,2-I15,None Supplied,3.8,24/09/2018,None Supplied,0.1,48,0.15,0.05,0.05,0.05,0.05,0.05,0.05,0.05,0.05,0.05,0.05,0.05,0.05,0.05,0.05,0.05,0.05,0.8,1,1,1,1,1,1,0.001,0.001,0.001,39,810,3900,12000,1700,16000,18000,0.001,0.001,0.001,1,530,4200,12000,2900,17000,19000
1056871,5,18-12342,1K10-1-S-C,16,1,1-K10,None Supplied,0,25/09/2018,None Supplied,0.1,61,0.32,0.05,0.05,0.05,0.05,1.5,0.05,2.9,2.4,1.4,2.6,1.6,0.98,0.05,0.05,0.05,0.05,13.3,1,1,1,1,1,1,0.001,0.001,0.001,26,1400,8000,21000,3000,31000,34000,0.001,0.001,0.001,21,1800,14000,38000,9300,54000,63000
1056872,5,18-12342,1K10-1-G-C,16,1,1-K10,None Supplied,0.25,25/09/2018,None Supplied,0.1,72,0.32,0.05,0.05,0.05,0.05,0.05,0.05,0.05,0.05,0.05,0.05,0.05,0.05,0.05,0.05,0.05,0.05,0.8,1,1,1,1,1,1,0.001,0.001,0.001,52,3100,12000,22000,3100,37000,40000,0.001,0.001,0.001,22,2700,16000,32000,8300,51000,59000
1056873,5,18-12342,1K10-1-D0.5-D,16,1,1-K10,None Supplied,0.5,25/09/2018,None Supplied,0.1,64,0.17,0.05,0.05,0.05,0.05,0.05,0.05,0.05,0.05,0.05,0.05,0.05,0.05,0.05,0.05,0.05,0.05,0.8,1,1,1,1,1,1,0.001,0.001,0.001,3.1,120,410,880,250,1400,1700,0.001,0.001,0.001,1,90,480,1100,590,1700,2300
1056874,5,18-12342,1K10-1-D1.0-D,16,1,1-K10,None Supplied,1,25/09/2018,None Supplied,0.1,58,0.17,0.05,0.05,0.05,0.05,0.05,0.05,0.05,0.05,0.05,0.05,0.05,0.05,0.05,0.05,0.05,0.05,0.8,1,1,1,1,1,1,0.001,0.001,0.001,3,28,160,480,150,670,820,0.001,0.001,0.001,1,16,160,460,360,630,990
1056875,5,18-12342,1K10-1-D2.0-D,16,1,1-K10,None Supplied,2,25/09/2018,None Supplied,0.1,54,0.18,0.05,0.05,0.05,0.05,0.05,0.05,0.05,0.05,0.05,0.05,0.05,0.05,0.05,0.05,0.05,0.05,0.8,1,1,1,1,1,1,0.001,0.001,0.001,1.2,25,190,570,130,790,920,0.001,0.001,0.001,1,19,170,520,310,710,1000
1056876,5,18-12342,1K10-1-D2.3G-D,16,1,1-K10,None Supplied,None Supplied,25/09/2018,None Supplied,0.1,27,0.19,0.05,0.05,0.05,0.05,0.05,0.05,0.05,0.05,0.05,0.05,0.05,0.05,0.05,0.05,0.05,0.05,0.8,1,1,1,1,1,1,0.001,0.001,0.001,1,16,110,310,99,440,530,0.001,0.001,0.001,1,12,110,340,200,470,670
1056877,5,18-12342,1L10-1-S-C,17,1,1-L10,None Supplied,0,25/09/2018,None Supplied,0.1,62,0.33,0.05,0.05,0.05,0.05,0.05,0.05,0.05,0.05,0.05,0.05,0.05,0.05,0.05,0.05,0.05,0.05,0.8,1,1,1,1,1,1,0.001,0.001,0.001,33,1600,11000,36000,5400,49000,55000,0.001,0.001,0.001,2.9,1300,14000,47000,12000,62000,74000
1056878,5,18-12342,1L10-1-G-C,17,1,1-L10,None Supplied,0.25,25/09/2018,None Supplied,0.1,76,0.33,0.05,0.05,2.8,0.05,0.05,0.05,5.9,0.05,0.05,0.05,0.05,0.05,0.05,0.05,0.05,0.05,8.74,1,1,1,1,1,1,0.001,0.001,0.001,110,4900,16000,31000,4500,52000,56000,0.001,0.001,0.001,23,3100,17000,37000,9600,57000,67000
1056879,5,18-12342,1L10-1-D0.5-D,17,1,1-L10,None Supplied,0.5,25/09/2018,None Supplied,0.1,75,0.16,0.05,0.05,0.05,0.05,0.05,0.05,0.05,0.05,0.05,0.05,0.05,0.05,0.05,0.05,0.05,0.05,0.8,1,1,1,1,1,1,0.001,0.001,0.001,1.6,120,510,1200,250,1800,2100,0.001,0.001,0.001,1,63,520,1200,390,1700,2100
1056880,5,18-12342,1L10-1-D1.0-D,17,1,1-L10,None Supplied,1,25/09/2018,None Supplied,0.1,59,0.16,0.05,0.05,0.05,0.05,0.05,0.05,0.05,0.05,0.05,0.05,0.05,0.05,0.05,0.05,0.05,0.05,0.8,1,1,1,1,1,1,0.001,0.001,0.001,3.4,160,610,1600,370,2400,2700,0.001,0.001,0.001,1,63,640,1800,580,2500,3000
1056881,5,18-12342,1L10-1-D2.0-D,17,1,1-L10,None Supplied,2,25/09/2018,None Supplied,0.1,57,0.17,0.05,0.05,0.05,0.05,0.05,0.05,0.05,0.05,0.05,0.05,0.05,0.05,0.05,0.05,0.05,0.05,0.8,1,1,1,1,1,1,0.001,0.001,0.001,1,8.7,45,110,50,170,220,0.001,0.001,0.001,1,8.6,45,130,130,190,320
1056882,5,18-12342,1L10-1-D3.66-D,17,1,1-L10,None Supplied,3.66,25/09/2018,None Supplied,0.1,49,0.18,0.05,0.05,0.05,0.05,0.05,0.05,0.05,0.05,0.05,0.05,0.05,0.05,0.05,0.05,0.05,0.05,0.8,1,1,1,1,1,1,0.001,0.001,0.001,1.7,26,76,180,49,280,330,0.001,0.001,0.001,1,7.4,51,150,110,210,320
1081112,9,18-12342,1-L10-D-0.75m-D,17,1,1-L10,None Supplied,0.75,20/10/2018,1424,0.1,59,0.18,0.05,0.05,0.05,0.05,0.05,0.05,0.05,0.05,0.05,0.05,0.05,0.05,0.05,0.05,0.05,0.05,0.8,1,1,1,1,1,1,0.001,0.001,0.001,1,25,110,190,24,330,350,0.001,0.001,0.001,1,13,80,160,12,260,270
1056884,5,18-12342,4-E23-1-D0.18-D,18,4,4-E23,None Supplied,0.18,11/9/18,None Supplied,0.1,58,0.13,0.05,0.05,0.05,0.05,0.05,0.05,0.05,0.05,0.05,0.05,0.05,0.05,0.05,0.05,0.05,0.05,0.8,1,1,1,1,1,1,0.001,0.001,0.001,70,2500,7500,17000,2900,27000,30000,0.001,0.001,0.001,30,1800,12000,33000,9300,47000,56000
1056886,5,18-12342,4-G23-1-D0.25-D,19,4,4-G23,None Supplied,0.25,13/09/2018,None Supplied,0.1,66,0.17,0.05,0.05,0.05,0.05,0.05,0.05,0.05,0.05,0.05,0.05,0.05,0.05,0.05,0.05,0.05,0.05,0.8,1,1,1,1,1,1,0.001,0.001,0.001,20,560,1000,2500,180,4100,4300,0.001,0.001,0.001,9.5,230,1200,3400,1500,4800,6300
1060695,6,18-13020,4-P23-1-G-C,20,4,4-P23,None Supplied,0,26/09/2018,None Supplied,0.1,66,0.33,6.8,0.05,3.3,1.7,0.05,0.05,0.05,0.05,0.05,0.05,0.05,0.05,0.05,0.05,0.05,0.05,11.9,1,1,1,1,1,1,0.001,0.001,0.001,79,1600,2900,3800,870,8400,9200,0.001,0.001,0.001,18,1600,4900,7500,2200,14000,16000
1060696,6,18-13020,4-P23-1-S-C,20,4,4-P23,None Supplied,0.25,26/09/2018,None Supplied,0.1,65,0.34,0.05,0.05,0.05,0.05,0.05,0.05,0.05,0.05,0.05,0.05,0.05,0.05,0.05,0.05,0.05,0.05,0.8,1,1,1,1,1,1,0.001,0.001,0.001,95,1500,2800,5000,940,9400,10000,0.001,0.001,0.001,28,1100,5800,11000,3600,18000,22000
1060697,6,18-13020,4-P23-1-D0.5-D,20,4,4-P23,None Supplied,0.5,26/09/2018,None Supplied,0.1,54,0.17,0.05,0.05,0.05,0.05,0.05,0.05,0.05,0.05,0.05,0.05,0.05,0.05,0.05,0.05,0.05,0.05,0.8,1,1,1,1,1,1,0.001,0.001,0.001,1,2,8,8,8.4,10,10,0.001,0.001,0.001,1,2,10,10,8.4,10,10
1060698,6,18-13020,4-P23-1-D1.0-D,20,4,4-P23,None Supplied,1,26/09/2018,None Supplied,0.1,50,0.17,0.05,0.05,0.05,0.05,0.05,0.05,0.05,0.05,0.05,0.05,0.05,0.05,0.05,0.05,0.05,0.05,0.8,1,1,1,1,1,1,0.001,0.001,0.001,1,2,8,8,8.4,10,10,0.001,0.001,0.001,1,2,10,10,8.4,10,10
1060699,6,18-13020,4-P23-1-D2.0-D,20,4,4-P23,None Supplied,2,26/09/2018,None Supplied,0.1,50,0.17,0.05,0.05,0.05,0.05,0.05,0.05,0.05,0.05,0.05,0.05,0.05,0.05,0.05,0.05,0.05,0.05,0.8,1,1,1,1,1,1,0.001,0.001,0.001,1,2,8,8,8.4,10,10,0.001,0.001,0.001,1,2,10,10,8.4,10,10
1060700,6,18-13020,4-P23-1-D2.76-D,20,4,4-P23,None Supplied,2.76,26/09/2018,None Supplied,0.1,14,0.2,0.05,0.05,0.05,0.05,0.05,0.05,0.05,0.05,0.05,0.05,0.05,0.05,0.05,0.05,0.05,0.05,0.8,1,1,1,1,1,1,0.001,0.001,0.001,1,2,8,8,8.4,10,10,0.001,0.001,0.001,1,2,10,10,8.4,10,10
1060701,6,18-13020,4-Q23-1-G-C,21,4,4-Q23,None Supplied,0,26/09/2018,None Supplied,0.1,28,0.41,3.4,0.05,1.7,0.05,0.05,0.05,0.05,0.05,0.05,0.05,0.05,0.05,0.05,0.05,0.05,0.05,5.02,1,1,1,1,1,1,0.001,0.001,0.001,26,1000,2600,4300,850,7900,8800,0.001,0.001,0.001,4,1100,5100,9000,2800,15000,18000
1060702,6,18-13020,4-Q23-1-S-C,21,4,4-Q23,None Supplied,0.25,26/09/2018,None Supplied,0.1,52,0.34,7.1,0.5,4.3,3,3.5,2.8,1.4,1.7,0.05,0.05,0.05,0.05,0.05,0.05,0.05,0.05,24.2,1,1,1,1,1,1,0.001,0.001,0.001,34,1100,3900,11000,2000,16000,18000,0.001,0.001,0.001,30,860,6000,17000,6100,24000,30000
1060703,6,18-13020,4-Q23-1-D0.5-D,21,4,4-Q23,None Supplied,0.5,26/09/2018,None Supplied,0.1,35,0.19,0.05,0.05,0.05,0.05,0.05,0.05,0.05,0.05,0.05,0.05,0.05,0.05,0.05,0.05,0.05,0.05,0.8,1,1,1,1,1,1,0.001,0.001,0.001,1,2,8,8,8.4,10,10,0.001,0.001,0.001,1,2,10,10,8.4,10,10
1060704,6,18-13020,4-Q23-1-D1.0-D,21,4,4-Q23,None Supplied,1,26/09/2018,None Supplied,0.1,13,0.2,0.05,0.05,0.05,0.05,0.05,0.05,0.05,0.05,0.05,0.05,0.05,0.05,0.05,0.05,0.05,0.05,0.8,1,1,1,1,1,1,0.001,0.001,0.001,1,2,8,8,8.4,10,10,0.001,0.001,0.001,1,2,10,10,8.4,10,10
1060705,6,18-13020,4-Q23-1-D2.0-D,21,4,4-Q23,None Supplied,2,26/09/2018,None Supplied,0.1,47,0.17,0.05,0.05,0.05,0.05,0.05,0.05,0.05,0.05,0.05,0.05,0.05,0.05,0.05,0.05,0.05,0.05,0.8,1,1,1,1,1,1,0.001,0.001,0.001,1,2,8,8,8.4,10,10,0.001,0.001,0.001,1,2,10,10,8.4,10,10
1060706,6,18-13020,4-Q23-1-D2.33-D,21,4,4-Q23,None Supplied,2.33,26/09/2018,None Supplied,0.1,46,0.15,0.05,0.05,0.05,0.05,0.05,0.05,0.05,0.05,0.05,0.05,0.05,0.05,0.05,0.05,0.05,0.05,0.8,1,1,1,1,1,1,0.001,0.001,0.001,1,2,8,8,8.4,10,10,0.001,0.001,0.001,1,2,10,10,8.4,10,10
1060710,6,18-13020,6-Q30-I-G-C,22,6,6-Q30,None Supplied,0,28/09/2018,None Supplied,0.1,68,0.33,0.05,0.05,0.05,0.05,0.05,0.05,0.05,0.05,0.05,0.05,0.05,0.05,0.05,0.05,0.05,0.05,0.8,1,1,1,1,1,1,0.001,0.001,0.001,93,3800,8300,15000,3000,27000,30000,0.001,0.001,0.001,85,2400,9500,14000,3700,26000,30000
1060711,6,18-13020,6-Q30-I-S-C,22,6,6-Q30,None Supplied,0.25,28/09/2018,None Supplied,0.1,67,0.33,3.1,0.05,0.05,0.05,0.05,0.05,0.05,0.05,0.05,0.05,0.05,0.05,0.05,0.05,0.05,0.05,3.08,1,1,1,1,1,1,0.001,0.001,0.001,62,1700,5500,14000,3300,21000,25000,0.001,0.001,0.001,11,940,8100,19000,8900,28000,37000
1060712,6,18-13020,6-Q30-I-D0.50-D,22,6,6-Q30,None Supplied,0.5,28/09/2018,None Supplied,0.1,71,0.15,0.05,0.05,0.05,0.05,0.05,0.05,0.05,0.3,0.05,0.05,0.05,0.05,0.05,0.05,0.05,0.05,0.8,1,1,1,1,1,1,0.001,0.001,0.001,3,150,540,700,170,1400,1600,0.001,0.001,0.001,1,120,530,790,310,1400,1800
1060713,6,18-13020,6-Q30-I-D1.0-D,22,6,6-Q30,None Supplied,1,28/09/2018,None Supplied,0.1,57,0.16,0.05,0.05,0.05,0.05,0.05,0.05,0.05,0.05,0.05,0.05,0.05,0.05,0.05,0.05,0.05,0.05,0.8,1,1,1,1,1,1,0.001,0.001,0.001,3.9,58,110,150,39,320,360,0.001,0.001,0.001,1,32,86,150,110,270,380
1060714,6,18-13020,6-Q30-I-D2.0-D,22,6,6-Q30,None Supplied,2,28/09/2018,None Supplied,0.1,55,0.15,0.05,0.05,0.05,0.05,0.05,0.05,0.05,0.05,0.05,0.05,0.05,0.05,0.05,0.05,0.05,0.05,0.8,1,1,1,1,1,1,0.001,0.001,0.001,1,2,8,8,8.4,10,10,0.001,0.001,0.001,1,2,10,10,8.4,16,16
1060715,6,18-13020,6-Q30-I-D3.0-D,22,6,6-Q30,None Supplied,3,28/09/2018,None Supplied,0.1,55,0.16,0.05,0.05,0.05,0.05,0.05,0.05,0.05,0.05,0.05,0.05,0.05,0.05,0.05,0.05,0.05,0.05,0.8,1,1,1,1,1,1,0.001,0.001,0.001,1,2,8,8,8.4,10,10,0.001,0.001,0.001,1,2,10,10,8.4,10,10
1060716,6,18-13020,6-Q30-I-D3.36-D,22,6,6-Q30,None Supplied,3.36,28/09/2018,None Supplied,0.1,52,0.17,0.05,0.05,0.05,0.05,0.05,0.05,0.05,0.05,0.05,0.05,0.05,0.05,0.05,0.05,0.05,0.05,0.8,1,1,1,1,1,1,0.001,0.001,0.001,1,2,8,8,8.4,10,10,0.001,0.001,0.001,1,2,10,10,8.4,10,10
1060718,6,18-13020,5-O26-I-G-C,23,5,5-O26,None Supplied,0,28/09/2018,None Supplied,0.1,75,0.3,15,0.05,3.2,1.6,0.05,0.05,0.05,0.05,0.05,0.05,0.05,0.05,0.05,0.05,0.05,0.05,20,1,1,1,1,1,1,0.001,0.001,0.001,17,730,1400,1800,340,4000,4300,0.001,0.001,0.001,8.8,440,1200,1900,540,3500,4000
1060719,6,18-13020,5-O26-I-S-C,23,5,5-O26,None Supplied,0.25,28/09/2018,None Supplied,0.1,71,0.31,4.7,0.05,0.05,0.05,0.05,0.05,0.05,0.05,0.05,0.05,0.05,0.05,0.05,0.05,0.05,0.05,4.73,1,1,1,1,1,1,0.001,0.001,0.001,250,3300,7200,18000,3200,28000,32000,0.001,0.001,0.001,32,1300,6400,14000,3400,21000,25000
1060720,6,18-13020,5-O26-I-D0.5-D,23,5,5-O26,None Supplied,0.5,28/09/2018,None Supplied,0.1,55,0.15,0.05,0.05,0.05,0.05,0.05,0.05,0.05,0.05,0.05,0.05,0.05,0.05,0.05,0.05,0.05,0.05,0.8,1,1,1,1,1,1,0.001,0.001,0.001,1,2,8,8,8.4,10,10,0.001,0.001,0.001,1,2,10,10,8.4,10,10
1060721,6,18-13020,5-O26-I-D3.0-D,23,5,5-O26,None Supplied,3,28/09/2018,None Supplied,0.1,50,0.16,0.05,0.05,0.05,0.05,0.05,0.05,0.05,0.05,0.05,0.05,0.05,0.05,0.05,0.05,0.05,0.05,0.8,1,1,1,1,1,1,0.001,0.001,0.001,1.6,2,8,8,8.4,10,10,0.001,0.001,0.001,1,2,10,10,8.4,10,10
1060722,6,18-13020,5-O26-I-D3.30-D,23,5,5-O26,None Supplied,3.3,28/09/2018,None Supplied,0.1,16,0.17,0.05,0.05,0.05,0.05,0.05,0.05,0.05,0.05,0.05,0.05,0.05,0.05,0.05,0.05,0.05,0.05,0.8,1,1,1,1,1,1,0.001,0.001,0.001,1.2,2,8,8,8.4,10,10,0.001,0.001,0.001,1,2,10,10,8.4,10,10
1061454,6,18-13020,5-026-1-D1.0-D,23,5,5-O26,None Supplied,1,27/09/2018,1225,0.1,53,0.16,0.05,0.05,0.05,0.05,0.05,0.05,0.05,0.05,0.05,0.05,0.05,0.05,0.05,0.05,0.05,0.05,0.8,1,1,1,1,1,1,0.001,0.001,0.001,1,2,8,8,8.4,10,10,0.001,0.001,0.001,1,2,10,10,8.4,10,10
1061455,6,18-13020,5-026-1-D2.0-D,23,5,5-O26,None Supplied,2,27/09/2018,1231,0.1,48,0.17,0.05,0.05,0.05,0.05,0.05,0.05,0.05,0.05,0.05,0.05,0.05,0.05,0.05,0.05,0.05,0.05,0.8,1,1,1,1,1,1,0.001,0.001,0.001,1,22,32,46,8.4,100,100,0.001,0.001,0.001,2.1,19,15,39,8.4,75,75
1060723,6,18-13020,5-R26-I-G-C,24,5,5-R26,None Supplied,0,27/09/2018,None Supplied,0.1,68,0.31,9.3,0.05,1.7,0.69,0.05,0.05,0.05,0.05,0.05,0.05,0.05,0.05,0.05,0.05,0.05,0.05,11.7,1,1,1,1,1,1,0.001,0.001,0.001,1.5,17,13,31,8.4,62,62,0.001,0.001,0.001,12,24,16,25,8.4,77,77
1060724,6,18-13020,5-R26-I-S-C,24,5,5-R26,None Supplied,0.25,27/09/2018,None Supplied,0.1,70,0.32,3.3,0.05,0.05,0.05,0.05,0.05,0.05,0.05,0.05,0.05,0.05,0.05,0.05,0.05,0.05,0.05,3.32,1,1,1,1,1,1,0.001,0.001,0.001,410,8600,28000,54000,9500,91000,100000,0.001,0.001,0.001,52,4200,21000,57000,16000,83000,99000
1060725,6,18-13020,5-R26-I-D0.5-D,24,5,5-R26,None Supplied,0.5,27/09/2018,None Supplied,0.1,60,0.16,0.05,0.05,0.05,0.05,0.05,0.05,0.05,0.05,0.05,0.05,0.05,0.05,0.05,0.05,0.05,0.05,0.8,1,1,1,1,1,1,0.001,0.001,0.001,1,2,8,8,8.4,10,10,0.001,0.001,0.001,1,2,10,10,8.4,10,10
1060726,6,18-13020,5-R26-I-D1.0-D,24,5,5-R26,None Supplied,1,27/09/2018,None Supplied,0.1,60,0.16,0.05,0.05,0.05,0.05,0.05,0.05,0.05,0.05,0.05,0.05,0.05,0.05,0.05,0.05,0.05,0.05,0.8,1,1,1,1,1,1,0.001,0.001,0.001,1,2,8,8,8.4,10,10,0.001,0.001,0.001,1,2,10,10,8.4,10,10
1060727,6,18-13020,5-R26-I-D2.0-D,24,5,5-R26,None Supplied,2,27/09/2018,None Supplied,0.1,55,0.14,0.05,0.05,0.05,0.05,0.05,0.05,0.05,0.05,0.05,0.05,0.05,0.05,0.05,0.05,0.05,0.05,0.8,1,1,1,1,1,1,0.001,0.001,0.001,1,2,8,8,8.4,10,10,0.001,0.001,0.001,1,2,10,10,8.4,10,10
1060728,6,18-13020,5-R26-I-D3.0-D,24,5,5-R26,None Supplied,3,27/09/2018,None Supplied,0.1,32,0.16,0.05,0.05,0.05,0.05,0.05,0.05,0.05,0.05,0.05,0.05,0.05,0.05,0.05,0.05,0.05,0.05,0.8,1,1,1,1,1,1,0.001,0.001,0.001,1,2,8,8,8.4,10,10,0.001,0.001,0.001,1,2,10,10,8.4,10,10
1060729,6,18-13020,5-R26-I-D3.10-D,24,5,5-R26,None Supplied,3.1,27/09/2018,None Supplied,0.1,20,0.15,0.05,0.05,0.05,0.05,0.05,0.05,0.05,0.05,0.05,0.05,0.05,0.05,0.05,0.05,0.05,0.05,0.8,1,1,1,1,1,1,0.001,0.001,0.001,1,7,19,25,8.4,51,51,0.001,0.001,0.001,1,6.8,30,32,8.4,69,69
1068559,7,18-14329,6-030-1-G-C,25,6,6-O30,None Supplied,0,4/10/18,1140,0.1,72,0.32,1.4,0.05,0.05,0.05,0.05,0.05,0.05,0.05,0.05,0.05,0.05,0.05,0.05,0.05,0.05,0.05,1.35,1,1,1,1,1,1,0.001,0.001,0.001,1,12,100,550,8.4,660,660,0.001,0.001,0.001,9.2,73,120,280,8.4,490,490
1068560,7,18-14329,6-030-1-S-C,25,6,6-O30,None Supplied,0.25,4/10/18,1145,0.1,78,0.31,2.7,0.05,0.4,0.27,0.46,0.05,0.05,0.05,0.05,0.05,0.05,0.05,0.05,0.05,0.05,0.05,3.83,1,1,1,1,1,1,0.001,0.001,0.001,3.4,39,130,460,210,630,840,0.001,0.001,0.001,4.1,12,72,280,8.4,370,370
1068561,7,18-14329,6-030-1-D0.5m-D,25,6,6-O30,None Supplied,0.5,4/10/18,1257,0.1,67,0.16,0.05,0.05,0.05,0.05,0.05,0.05,0.05,0.05,0.05,0.05,0.05,0.05,0.05,0.05,0.05,0.05,0.8,1,1,1,1,1,1,0.001,0.001,0.001,1.6,11,23,93,37,130,160,0.001,0.001,0.001,1,2,10,52,8.4,63,63
1068562,7,18-14329,6-030-1-D1.0M-D,25,6,6-O30,None Supplied,1,4/10/18,1259,0.1,50,0.16,0.05,0.05,0.05,0.05,0.39,0.05,0.29,0.23,0.05,0.05,0.05,0.05,0.05,0.05,0.05,0.05,0.91,1,1,1,1,1,1,0.001,0.001,0.001,1,2,8,8,8.4,10,10,0.001,0.001,0.001,1,2,10,10,8.4,10,10
1068563,7,18-14329,6-030-1-D2.0m-S,25,6,6-O30,None Supplied,2,4/10/18,1303,0.1,53,0.16,0.05,0.05,0.05,0.05,0.65,0.19,0.49,0.39,0.05,0.05,0.05,0.05,0.05,0.05,0.05,0.05,1.72,1,1,1,1,1,1,0.001,0.001,0.001,1,2.7,8,23,17,30,47,0.001,0.001,0.001,1,2,10,10,8.4,10,10
1068564,7,18-14329,6-030-1-D3.0m-D,25,6,6-O30,None Supplied,3,4/10/18,1305,0.1,52,0.16,0.05,0.05,0.05,0.05,0.05,0.05,0.05,0.05,0.05,0.05,0.05,0.05,0.05,0.05,0.05,0.05,0.8,1,1,1,1,1,1,0.001,0.001,0.001,1.7,5.1,8.5,38,8.4,53,53,0.001,0.001,0.001,1,2,10,10,8.4,10,10
1068565,7,18-14329,6-030-1-D3.26-D,25,6,6-O30,None Supplied,3.26,4/10/18,1307,0.1,29,0.16,0.05,0.05,0.05,0.05,0.05,0.05,0.05,0.05,0.05,0.05,0.05,0.05,0.05,0.05,0.05,0.05,0.8,1,1,1,1,1,1,0.001,0.001,0.001,1,2,8,36,8.4,39,39,0.001,0.001,0.001,1,2,10,10,8.4,10,10
1068572,7,18-14329,6-V30-1-G-C,26,6,6-V30,None Supplied,0,5/10/18,1211,0.1,71,0.33,0.05,0.05,0.05,0.05,0.05,0.05,0.05,0.05,0.05,0.05,0.05,0.05,0.05,0.05,0.05,0.05,0.8,1,1,1,1,1,1,0.001,0.001,0.001,3.7,97,880,3300,590,4300,4900,0.001,0.001,0.001,1,26,520,2300,640,2900,3500
1068573,7,18-14329,6-V30-1-S-C,26,6,6-V30,None Supplied,0.25,5/10/18,1215,0.1,52,0.16,0.05,0.05,0.05,0.05,0.05,0.05,0.05,0.05,0.05,0.05,0.05,0.05,0.05,0.05,0.05,0.05,0.8,1,1,1,1,1,1,0.001,0.001,0.001,1,2,8,8,8.4,10,10,0.001,0.001,0.001,1,2,10,10,8.4,10,10
1068574,7,18-14329,6-V30-1-D0.5m-D,26,6,6-V30,None Supplied,0.5,5/10/18,1311,0.1,51,0.36,0.05,0.05,0.05,0.05,0.05,0.05,0.05,0.05,0.05,0.05,0.05,0.05,0.05,0.05,0.05,0.05,0.8,1,1,1,1,1,1,0.001,0.001,0.001,1,2,8,8,8.4,10,10,0.001,0.001,0.001,1,2,10,10,8.4,10,10
1068575,7,18-14329,6-V30-1-D1.0m-D,26,6,6-V30,None Supplied,1,5/10/18,1312,0.1,70,0.16,0.05,0.05,0.05,0.05,0.05,0.05,0.05,0.05,0.05,0.05,0.05,0.05,0.05,0.05,0.05,0.05,0.8,1,1,1,1,1,1,0.001,0.001,0.001,2.2,48,190,450,95,690,790,0.001,0.001,0.001,1,11,160,350,46,520,560
1068576,7,18-14329,6-V30-1-D2.0m-D,26,6,6-V30,None Supplied,2,5/10/18,1314,0.1,15,0.16,0.05,0.05,0.05,0.05,0.05,0.05,0.05,0.05,0.05,0.05,0.05,0.05,0.05,0.05,0.05,0.05,0.8,1,1,1,1,1,1,0.001,0.001,0.001,1,2,8,8,8.4,10,10,0.001,0.001,0.001,1,2,10,10,8.4,10,10
1068577,7,18-14329,6-V30-1-D3.0m-D,26,6,6-V30,None Supplied,3,5/10/18,1316,0.1,16,0.16,0.05,0.05,0.05,0.05,0.05,0.05,0.05,0.05,0.05,0.05,0.05,0.05,0.05,0.05,0.05,0.05,0.8,1,1,1,1,1,1,0.001,0.001,0.001,1,2,8,8,8.4,10,10,0.001,0.001,0.001,1,2,10,10,8.4,10,10
1068578,7,18-14329,1-I10-1-G-C,27,1,1-I10,None Supplied,0,8/10/18,1212,0.1,60,0.35,0.05,0.05,0.05,0.05,0.05,0.05,0.05,0.05,0.05,0.05,0.05,0.05,0.05,0.05,0.05,0.05,0.8,1,1,1,1,1,1,0.001,0.001,0.001,16,330,1300,2400,440,4000,4400,0.001,0.001,0.001,18,500,4000,9500,2200,14000,16000
1068579,7,18-14329,1-I10-1-S-C,27,1,1-I10,None Supplied,0.25,8/10/18,1214,0.1,72,0.34,0.05,0.05,0.05,0.05,0.05,0.05,0.05,0.05,0.05,0.05,0.05,0.05,0.05,0.05,0.05,0.05,0.8,1,1,1,1,1,1,0.001,0.001,0.001,16,310,800,1900,260,3000,3300,0.001,0.001,0.001,1,110,570,1500,360,2200,2600
1068580,7,18-14329,1-I10-1-D0.5m-D,27,1,1-I10,None Supplied,0.5,8/10/18,1215,0.1,58,0.16,0.05,0.05,0.05,0.05,0.05,0.05,0.05,0.05,0.05,0.05,0.05,0.05,0.05,0.05,0.05,0.05,0.8,1,1,1,1,1,1,0.001,0.001,0.001,1,3.2,22,96,8.4,120,120,0.001,0.001,0.001,1,2,22,130,8.4,150,150
1068581,7,18-14329,1-I10-1-D1.0m-D,27,1,1-I10,None Supplied,1,8/10/18,1217,0.1,59,0.16,0.05,0.05,0.05,0.05,0.05,0.05,0.05,0.05,0.05,0.05,0.05,0.05,0.05,0.05,0.05,0.05,0.8,1,1,1,1,1,1,0.001,0.001,0.001,1,2,8,44,8.4,44,44,0.001,0.001,0.001,1,2,10,10,8.4,10,10
1068582,7,18-14329,1-I10-1-D2.0m-D,27,1,1-I10,None Supplied,2,8/10/18,1219,0.1,56,0.16,0.05,0.05,0.05,0.05,0.05,0.05,0.05,0.05,0.05,0.05,0.05,0.05,0.05,0.05,0.05,0.05,0.8,1,1,1,1,1,1,0.001,0.001,0.001,1,2,18,110,12,130,140,0.001,0.001,0.001,1,2,10,10,8.4,10,10
1068583,7,18-14329,1-I10-1-D2.54-D,27,1,1-I10,None Supplied,2.54,8/10/18,1221,0.1,52,0.16,0.05,0.05,0.05,0.05,0.05,0.05,0.05,0.05,0.05,0.05,0.05,0.05,0.05,0.05,0.05,0.05,0.8,1,1,1,1,1,1,0.001,0.001,0.001,1,2,8,19,8.4,19,19,0.001,0.001,0.001,1,2,10,10,8.4,10,10
1068584,7,18-14329,1-N10-1-G-C,28,1,1-N10,None Supplied,0,8/10/18,1307,0.1,73,0.32,1.2,0.05,0.05,0.05,0.05,0.05,0.05,0.05,0.05,0.05,0.05,0.05,0.05,0.05,0.05,0.05,1.17,1,1,1,1,1,1,0.001,0.001,0.001,1,14000,42000,84000,13000,140000,150000,0.001,0.001,0.001,130,4400,24000,68000,23000,97000,120000
1068585,7,18-14329,1-N10-1-S-C,28,1,1-N10,None Supplied,0.25,8/10/18,1309,0.1,78,0.32,2.3,0.05,0.05,0.05,0.05,0.05,0.05,0.05,0.05,0.05,0.05,0.05,0.05,0.05,0.05,0.05,2.31,1,1,1,1,1,1,0.001,0.001,0.001,99,4200,11000,20000,3200,35000,39000,0.001,0.001,0.001,16,2200,12000,28000,10000,42000,52000
1068586,7,18-14329,1-N10-1-D0.5m-D,28,1,1-N10,None Supplied,0.5,8/10/18,1428,0.1,67,0.16,0.58,0.05,0.05,0.05,0.05,0.05,0.05,0.05,0.05,0.05,0.05,0.05,0.05,0.05,0.05,0.05,0.8,1,1,1,1,1,1,0.001,0.001,0.001,3.9,57,160,400,110,620,730,0.001,0.001,0.001,2.2,27,160,450,8.4,640,640
1068587,7,18-14329,1-N10-1-D1.0m-D,28,1,1-N10,None Supplied,1,8/10/18,1430,0.1,26,0.16,0.05,0.05,0.05,0.05,0.05,0.05,0.05,0.05,0.05,0.05,0.05,0.05,0.05,0.05,0.05,0.05,0.8,1,1,1,1,1,1,0.001,0.001,0.001,1,2,8,8,8.4,10,10,0.001,0.001,0.001,1,2,10,10,8.4,10,10
1068588,7,18-14329,1-N10-1-D2.0m-D,28,1,1-N10,None Supplied,2,8/10/18,1431,0.1,53,0.16,0.05,0.05,0.05,0.05,0.05,0.05,0.05,0.05,0.05,0.05,0.05,0.05,0.05,0.05,0.05,0.05,0.8,1,1,1,1,1,1,0.001,0.001,0.001,1,2,8,25,8.4,27,27,0.001,0.001,0.001,1,2,10,10,8.4,10,10
1068589,7,18-14329,1-N10-1-D2.9m-D,28,1,1-N10,None Supplied,2.9,8/10/18,1432,0.1,47,0.16,0.05,0.05,0.05,0.05,0.05,0.05,0.05,0.05,0.05,0.05,0.05,0.05,0.05,0.05,0.05,0.05,0.8,1,1,1,1,1,1,0.001,0.001,0.001,1,2,8,18,8.4,18,18,0.001,0.001,0.001,1,2,10,10,8.4,10,10
1068591,7,18-14329,5-L26-1-G-C,29,5,5-L26,None Supplied,0,9/10/18,1208,0.1,67,0.32,0.05,0.05,0.05,0.05,0.05,0.05,0.05,0.05,0.05,0.05,0.05,0.05,0.05,0.05,0.05,0.05,0.8,1,1,1,1,1,1,0.001,0.001,0.001,3.1,91,440,1300,200,1800,2000,0.001,0.001,0.001,1,16,210,890,240,1100,1400
1068592,7,18-14329,5-L26-1-S-C,29,5,5-L26,None Supplied,0.25,9/10/18,1210,0.1,71,0.35,0.05,0.05,0.05,0.05,0.05,0.05,0.05,0.05,0.05,0.05,0.05,0.05,0.05,0.05,0.05,0.05,0.8,1,1,1,1,1,1,0.001,0.001,0.001,1.6,26,130,450,76,600,680,0.001,0.001,0.001,1,4,72,320,100,400,500
1068593,7,18-14329,5-L26-1-D0.5m-D,29,5,5-L26,None Supplied,0.5,9/10/18,1430,0.1,59,0.16,0.05,0.05,0.05,0.05,0.05,0.05,0.05,0.05,0.05,0.05,0.05,0.05,0.05,0.05,0.05,0.05,0.8,1,1,1,1,1,1,0.001,0.001,0.001,1,29,97,270,59,390,450,0.001,0.001,0.001,1,2,48,160,50,210,260
1068594,7,18-14329,5-L26-1-D1.0m-D,29,5,5-L26,None Supplied,1,9/10/18,1432,0.1,54,0.16,0.05,0.05,0.05,0.05,0.05,0.05,0.05,0.05,0.05,0.05,0.05,0.05,0.05,0.05,0.05,0.05,0.8,1,1,1,1,1,1,0.001,0.001,0.001,1,2,8,8,8.4,10,10,0.001,0.001,0.001,1,2,10,10,8.4,10,10
1068595,7,18-14329,5-L26-1-D2.0m-D,29,5,5-L26,None Supplied,2,9/10/18,1434,0.1,54,0.16,0.05,0.05,0.05,0.05,0.05,0.05,0.05,0.05,0.05,0.05,0.05,0.05,0.05,0.05,0.05,0.05,0.8,1,1,1,1,1,1,0.001,0.001,0.001,1,2,8,17,8.4,17,17,0.001,0.001,0.001,1,2,10,10,8.4,10,10
1068596,7,18-14329,5-L26-1-D3.0m-D,29,5,5-L26,None Supplied,3,9/10/18,1435,0.1,53,0.16,0.05,0.05,0.05,0.05,0.05,0.05,0.05,0.05,0.05,0.05,0.05,0.05,0.05,0.05,0.05,0.05,0.8,1,1,1,1,1,1,0.001,0.001,0.001,1,4.2,8,21,8.4,30,30,0.001,0.001,0.001,1,2,10,10,8.4,10,10
1068597,7,18-14329,5-L26-1-D3.08m-D,29,5,5-L26,None Supplied,3.08,9/10/18,1437,0.1,52,0.16,0.05,0.05,0.05,0.05,0.05,0.05,0.05,0.05,0.05,0.05,0.05,0.05,0.05,0.05,0.05,0.05,0.8,1,1,1,1,1,1,0.001,0.001,0.001,1,2,8,41,8.4,46,46,0.001,0.001,0.001,1,2,10,11,8.4,11,11
1078359,8,18-16270,1-H10-1-G-C,30,1,1-H10,None Supplied,0,10/10/18,None Supplied,0.1,70,0.34,0.05,0.05,0.05,0.05,0.05,0.05,0.05,0.05,0.05,0.05,0.05,0.05,0.05,0.05,0.05,0.05,0.8,1,1,1,1,1,1,0.001,0.001,0.001,46,740,2500,8000,1400,11000,13000,0.001,0.001,0.001,4.3,220,2000,12000,450,14000,14000
1078360,8,18-16270,1-H10-1-S-C,30,1,1-H10,None Supplied,0.25,10/10/18,None Supplied,0.1,71,0.28,0.05,0.05,0.05,0.05,0.05,0.05,0.05,0.05,0.05,0.05,0.05,0.05,0.05,0.05,0.05,0.05,0.8,1,1,1,1,1,1,0.001,0.001,0.001,4.1,47,160,370,110,590,700,0.001,0.001,0.001,1,11,110,310,230,430,660
1078361,8,18-16270,1-H10-1-D0.5M-D,30,1,1-H10,None Supplied,0.5,10/10/18,None Supplied,0.1,55,0.17,0.05,0.05,0.05,0.05,0.05,0.05,0.05,0.05,0.05,0.05,0.05,0.05,0.05,0.05,0.05,0.05,0.8,1,1,1,1,1,1,0.001,0.001,0.001,12,50,39,77,27,180,210,0.001,0.001,0.001,1,8.6,25,63,89,97,190
1078362,8,18-16270,1-H10-1-D1.0M-D,30,1,1-H10,None Supplied,1,10/10/18,None Supplied,0.1,56,0.16,0.05,0.05,0.05,0.05,0.05,0.05,0.05,0.05,0.05,0.05,0.05,0.05,0.05,0.05,0.05,0.05,0.8,1,1,1,1,1,1,0.001,0.001,0.001,6.5,27,38,72,8.4,140,140,0.001,0.001,0.001,1,5.2,22,41,8.4,68,68
1078363,8,18-16270,1-H10-1-D2.0M-D,30,1,1-H10,None Supplied,2,10/10/18,None Supplied,0.1,56,0.18,0.05,0.05,0.05,0.05,0.05,0.05,0.05,0.05,0.05,0.05,0.05,0.05,0.05,0.05,0.05,0.05,0.8,1,1,1,1,1,1,0.001,0.001,0.001,6.9,27,75,160,8.4,270,270,0.001,0.001,0.001,1,5.8,49,110,8.4,170,170
1078364,8,18-16270,1-H10-1-D2.5M-D,30,1,1-H10,None Supplied,2.5,10/10/18,None Supplied,0.1,12,0.17,0.05,0.05,0.05,0.05,0.05,0.05,0.05,0.05,0.05,0.05,0.05,0.05,0.05,0.05,0.05,0.05,0.8,1,1,1,1,1,1,0.001,0.001,0.001,1,2,8,8,8.4,10,10,0.001,0.001,0.001,1,2,10,10,8.4,10,10
1078365,8,18-16270,3-M18-1-G-C,31,3,3-M18,None Supplied,0,11/10/18,None Supplied,0.1,64,0.32,0.05,0.05,0.05,0.05,0.05,0.05,0.05,0.05,0.05,0.05,0.05,0.05,0.05,0.05,0.05,0.05,0.8,1,1,1,1,1,1,0.001,0.001,0.001,53,1100,4200,12000,1900,18000,20000,0.001,0.001,0.001,1,210,2900,12000,3500,16000,19000
1078366,8,18-16270,3-M18-1-S-C,31,3,3-M18,None Supplied,0.25,11/10/18,None Supplied,0.1,66,0.32,0.05,0.05,0.05,0.05,0.05,0.05,0.05,0.05,0.05,0.05,0.05,0.05,0.05,0.05,0.05,0.05,0.8,1,1,1,1,1,1,0.001,0.001,0.001,24,280,730,1500,320,2500,2800,0.001,0.001,0.001,2.8,120,680,1500,560,2300,2800
1078367,8,18-16270,5-M26-1-G-C,32,5,5-M26,None Supplied,0,11/10/18,None Supplied,0.1,49,0.37,0.05,0.05,0.05,0.05,0.05,0.05,0.05,0.05,0.05,0.05,0.05,0.05,0.05,0.05,0.05,0.05,0.8,1,1,1,1,1,1,0.001,0.001,0.001,34,730,2600,6300,980,9800,11000,0.001,0.001,0.001,10,160,1500,5100,1600,6800,8300
1078368,8,18-16270,5-M26-1-S-C,32,5,5-M26,None Supplied,0.25,11/10/18,None Supplied,0.1,64,0.49,0.05,0.05,0.05,0.05,0.05,0.05,0.05,0.05,0.05,0.05,0.05,0.05,0.05,0.05,0.05,0.05,0.8,1,1,1,1,1,1,0.001,0.001,0.001,42,800,1400,2500,510,4800,5300,0.001,0.001,0.001,5.5,330,1000,2300,530,3600,4200
1078369,8,18-16270,6-K30-1-G-C,33,6,6-K30,None Supplied,0,11/10/18,None Supplied,0.1,60,0.33,0.05,0.05,0.05,0.05,0.05,0.05,0.05,0.05,0.05,0.05,0.05,0.05,0.05,0.05,0.05,0.05,0.8,1,1,1,1,1,1,0.001,0.001,0.001,150,2600,9600,17000,2900,30000,33000,0.001,0.001,0.064,39,1200,8900,27000,6900,37000,44000
1078370,8,18-16270,6-K30-1-S-C,33,6,6-K30,None Supplied,0.25,11/10/18,None Supplied,0.1,60,0.32,0.05,0.05,0.05,0.05,0.05,0.05,0.05,0.05,0.05,0.05,0.05,0.05,0.05,0.05,0.05,0.05,0.8,1,1,1,1,1,1,0.001,0.001,0.001,32,1200,3400,6100,990,11000,12000,0.001,0.001,0.001,27,670,3600,9000,2400,13000,16000
1081113,9,18-16702,6-K30-1-D-2.0m-D,33,6,6-K30,None Supplied,2,23/10/2018,1620,0.1,51,0.16,0.05,0.05,0.05,0.05,0.05,0.05,0.05,0.05,0.05,0.05,0.05,0.05,0.05,0.05,0.05,0.05,0.8,1,1,1,1,1,1,0.001,0.001,0.001,1.2,20,53,100,16,180,190,0.001,0.001,0.001,1,13,60,120,10,200,210
1081114,9,18-16702,6-K30-1-D-0.5m-D,33,6,6-K30,None Supplied,0.5,23/10/2018,1627,0.1,48,0.15,0.05,0.05,0.05,0.05,0.05,0.05,0.05,0.05,0.05,0.05,0.05,0.05,0.05,0.05,0.05,0.05,0.8,1,1,1,1,1,1,0.001,0.001,0.001,5.9,18,27,56,8.4,110,110,0.001,0.001,0.001,1,3.4,17,42,8.4,62,62
1081115,9,18-16702,6-K30-1-D-1.0m-D,33,6,6-K30,None Supplied,1,23/10/2018,1635,0.1,51,0.17,0.05,0.05,0.05,0.05,0.05,0.05,0.05,0.05,0.05,0.05,0.05,0.05,0.05,0.05,0.05,0.05,0.8,1,1,1,1,1,1,0.001,0.001,0.001,1,2,8,16,8.4,16,16,0.001,0.001,0.001,1,2,10,10,8.4,10,10
1078371,8,18-16270,4-I23-I-G-C,34,4,4-I23,None Supplied,0,11/10/18,None Supplied,0.1,55,0.35,0.05,0.05,0.05,0.05,0.05,0.05,0.05,0.05,0.05,0.05,0.05,0.05,0.05,0.05,0.05,0.05,0.8,1,1,1,1,1,1,0.001,0.001,0.001,40,480,1500,4600,650,6600,7300,0.001,0.001,0.001,1.8,110,860,4400,1000,5400,6400
1078372,8,18-16270,4-I23-I-S-C,34,4,4-I23,None Supplied,0.25,11/10/18,None Supplied,0.1,59,0.34,0.05,0.05,0.05,0.05,0.05,0.05,0.05,0.05,0.05,0.05,0.05,0.05,0.05,0.05,0.05,0.05,0.8,1,1,1,1,1,1,0.001,0.001,0.001,22,460,1200,2700,540,4400,5000,0.001,0.001,0.001,8.3,190,1200,3400,960,4800,5800
1081116,9,18-16270,4-I23-1-D-1.0m-D,34,4,4-I23,None Supplied,1,23/10/2018,1642,0.1,45,0.16,0.05,0.05,0.05,0.05,0.05,0.05,0.05,0.05,0.05,0.05,0.05,0.05,0.05,0.05,0.05,0.05,0.8,1,1,1,1,1,1,0.001,0.001,0.001,1,2,8,8,8.4,10,10,0.001,0.001,0.001,1,2,10,10,8.4,10,10
1081117,9,18-16270,4-I23-1-D-2.25m-D,34,4,4-I23,None Supplied,2.25,23/10/2018,1649,0.1,21,0.14,0.05,0.05,0.05,0.05,0.05,0.05,0.05,0.05,0.05,0.05,0.05,0.05,0.05,0.05,0.05,0.05,0.8,1,1,1,1,1,1,0.001,0.001,0.001,1,2,8,8,8.4,10,10,0.001,0.001,0.001,1,2,10,10,8.4,10,10
1081118,9,18-16270,4-I23-1-D-0.5m-D,34,4,4-I23,None Supplied,0.5,23/10/2018,1655,0.1,57,0.19,0.05,0.05,0.05,0.05,0.05,0.05,0.05,0.05,0.05,0.05,0.05,0.05,0.05,0.05,0.05,0.05,0.8,1,1,1,1,1,1,0.001,0.001,0.001,1,2,8,8,8.4,10,10,0.001,0.001,0.001,1,2,10,10,8.4,10,10
1081119,9,18-16270,4-I23-1-D-2.0m-D,34,4,4-I23,None Supplied,2,23/10/2018,1702,0.1,29,0.16,0.05,0.05,0.05,0.05,0.05,0.05,0.05,0.05,0.05,0.05,0.05,0.05,0.05,0.05,0.05,0.05,0.8,1,1,1,1,1,1,0.001,0.001,0.001,1,2,8,8,8.4,10,10,0.001,0.001,0.001,1,2,10,10,8.4,10,10
1078373,8,18-16270,4-G23-I-G-C,35,4,4-G23,None Supplied,0,11/10/18,None Supplied,0.1,63,0.35,0.05,0.05,0.05,0.05,0.05,0.05,0.05,0.05,0.05,0.05,0.05,0.05,0.05,0.05,0.05,0.05,0.8,1,1,1,1,1,1,0.001,0.001,0.001,27,1200,4300,9800,2100,15000,17000,0.001,0.001,0.001,12,490,3400,9700,3500,14000,17000
1078374,8,18-16270,4-G23-I-S-C,35,4,4-G23,None Supplied,0.25,11/10/18,None Supplied,0.1,66,0.16,0.05,0.05,0.05,0.05,0.05,0.05,0.05,0.05,0.05,0.05,0.05,0.05,0.05,0.05,0.05,0.05,0.8,1,1,1,1,1,1,0.001,0.001,0.001,5.4,760,2800,6100,1200,9700,11000,0.001,0.001,0.001,4.3,380,2700,6700,2000,9800,12000
1078375,8,18-16270,2-L15-I-G-C,36,2,2-L15,None Supplied,0,16/10/2018,None Supplied,0.1,46,0.31,0.05,0.05,0.05,0.05,0.05,0.05,0.05,0.05,0.05,0.05,0.05,0.05,0.05,0.05,0.05,0.05,0.8,1,1,1,1,1,1,0.001,0.001,0.001,1.5,110,1200,3700,770,5000,5800,0.001,0.001,0.001,1.2,120,1700,4800,1400,6600,8000
1078376,8,18-16270,2-L15-1-S-C,36,2,2-L15,None Supplied,0.25,16/10/2018,None Supplied,0.1,48,0.37,0.05,0.05,0.05,0.05,0.05,0.05,0.05,0.05,0.05,0.05,0.05,0.05,0.05,0.05,0.05,0.05,0.8,1,1,1,1,1,1,0.001,0.001,0.001,1.9,21,75,150,170,250,420,0.001,0.001,0.001,1,19,160,280,440,470,900
1078377,8,18-16270,2-L15-1-D0.5M-D,36,2,2-L15,None Supplied,0.5,16/10/2018,None Supplied,0.1,20,0.17,0.05,0.05,0.05,0.05,0.05,0.05,0.05,0.05,0.05,0.05,0.05,0.05,0.05,0.05,0.05,0.05,0.8,1,1,1,1,1,1,0.001,0.001,0.001,1,2,8,8,8.4,10,10,0.001,0.001,0.001,1,2,10,10,8.4,10,10
1078378,8,18-16270,2-L15-1-D1.0M-D,36,2,2-L15,None Supplied,1,16/10/2018,None Supplied,0.1,16,0.18,0.05,0.05,0.05,0.05,0.05,0.05,0.05,0.05,0.05,0.05,0.05,0.05,0.05,0.05,0.05,0.05,0.8,1,1,1,1,1,1,0.001,0.001,0.001,1,2,8,8,8.4,10,10,0.001,0.001,0.001,1,2,10,10,8.4,10,10
1078379,8,18-16270,2-L15-1-D2.0M-D,36,2,2-L15,None Supplied,2,16/10/2018,None Supplied,0.1,20,0.17,0.05,0.05,0.05,0.05,0.05,0.05,0.05,0.05,0.05,0.05,0.05,0.05,0.05,0.05,0.05,0.05,0.8,1,1,1,1,1,1,0.001,0.001,0.001,1,2,8,8,8.4,10,10,0.001,0.001,0.001,1,2,10,10,8.4,10,10
1078380,8,18-16270,2-L15-1-D3.0M-D,36,2,2-L15,None Supplied,3,16/10/2018,None Supplied,0.1,23,0.16,0.05,0.05,0.05,0.05,0.05,0.05,0.05,0.05,0.05,0.05,0.05,0.05,0.05,0.05,0.05,0.05,0.8,1,1,1,1,1,1,0.001,0.001,0.001,1,2,8,8,8.4,10,10,0.001,0.001,0.001,1,2,10,10,8.4,10,10
1078381,8,18-16270,2-L15-1-D3.63M-D,36,2,2-L15,None Supplied,3.63,16/10/2018,None Supplied,0.1,15,0.17,0.05,0.05,0.05,0.05,0.05,0.05,0.05,0.05,0.05,0.05,0.05,0.05,0.05,0.05,0.05,0.05,0.8,1,1,1,1,1,1,0.001,0.001,0.001,1,2,8,8,8.4,10,10,0.001,0.001,0.001,1,2,10,10,8.4,10,10
1078382,8,18-16270,2-K15-1-G-C,37,2,2-K15,None Supplied,0,17/10/2018,None Supplied,0.1,68,0.34,0.05,0.05,0.05,0.05,0.05,0.05,0.05,0.05,0.05,0.05,0.05,0.05,0.05,0.05,0.05,0.05,0.8,1,1,1,1,1,1,0.001,0.001,0.001,22,650,5200,16000,3000,22000,25000,0.001,0.001,0.001,11,360,4500,16000,5300,20000,26000
1078383,8,18-16270,2-K15-1-S-C,37,2,2-K15,None Supplied,0.25,17/10/2018,None Supplied,0.1,66,0.33,0.05,0.05,0.05,0.05,0.05,0.05,0.05,0.05,0.05,0.05,0.05,0.05,0.05,0.05,0.05,0.05,0.8,1,1,1,1,1,1,0.001,0.001,0.001,4.9,170,1100,2900,580,4200,4700,0.001,0.001,0.001,5.8,110,1300,2400,740,3800,4600
1078384,8,18-16270,2-K15-1-D0.5M-D,37,2,2-K15,None Supplied,0.5,17/10/2018,None Supplied,0.1,62,0.18,0.05,0.05,0.05,0.05,0.05,0.05,0.05,0.05,0.05,0.05,0.05,0.05,0.05,0.05,0.05,0.05,0.8,1,1,1,1,1,1,0.001,0.001,0.001,2.9,21,27,36,130,86,210,0.001,0.001,0.001,1,10,10,67,300,78,380
1078385,8,18-16270,2-K15-1-D1.0M-D,37,2,2-K15,None Supplied,1,17/10/2018,None Supplied,0.1,57,0.16,0.05,0.05,0.05,0.05,0.05,0.05,0.05,0.05,0.05,0.05,0.05,0.05,0.05,0.05,0.05,0.05,0.8,1,1,1,1,1,1,0.001,0.001,0.001,2.8,12,14,18,8.4,46,46,0.001,0.001,0.001,1,7.8,10,21,8.4,30,30
1078386,8,18-16270,2-K15-1-D2.0M-D,37,2,2-K15,None Supplied,2,17/10/2018,None Supplied,0.1,55,0.17,0.05,0.05,0.05,0.05,0.05,0.05,0.05,0.05,0.05,0.05,0.05,0.05,0.05,0.05,0.05,0.05,0.8,1,1,1,1,1,1,0.001,0.001,0.001,1,2,8,8.1,8.4,15,15,0.001,0.001,0.001,1,2,10,10,8.4,13,13
1078387,8,18-16270,2-K15-1-D2.62M-D,37,2,2-K15,None Supplied,2.62,17/10/2018,None Supplied,0.1,47,0.16,0.05,0.05,0.05,0.05,0.05,0.05,0.05,0.05,0.05,0.05,0.05,0.05,0.05,0.05,0.05,0.05,0.8,1,1,1,1,1,1,0.001,0.001,0.001,1,2,8,8,8.4,10,10,0.001,0.001,0.001,1,2,10,10,8.4,10,10
1068566,7,18-14329,6-S30-1-G-C,38,6,6-S30,None Supplied,0,5/10/18,1120,0.1,61,0.35,0.05,0.05,0.05,0.05,0.05,0.05,0.05,0.05,0.05,0.05,0.05,0.05,0.05,0.05,0.05,0.05,0.8,1,1,1,1,1,1,0.001,0.001,0.001,2.9,140,760,2500,320,3400,3800,0.001,0.001,0.001,1,49,530,1800,480,2400,2900
1068567,7,18-14329,6-S30-1-S-C,38,6,6-S30,None Supplied,0.25,5/10/18,1124,0.1,54,0.35,0.05,0.05,0.23,0.05,0.71,0.19,0.65,0.46,0.21,0.22,0.05,0.05,0.05,0.05,0.05,0.05,2.67,1,1,1,1,1,1,0.001,0.001,0.001,1,3.4,8,9.3,8.4,17,17,0.001,0.001,0.001,1,3.9,10,18,8.4,31,31
1068568,7,18-14329,6-S30-1-D0.5m-D,38,6,6-S30,None Supplied,0.5,5/10/18,1300,0.1,53,0.16,0.05,0.05,1.1,0.73,4.2,1.2,4.2,3.3,1.3,1.2,1.3,0.6,1.1,0.52,0.05,0.54,21.3,1,1,1,1,1,1,0.001,0.001,0.001,1.5,6.3,8.5,23,8.4,39,39,0.001,0.001,0.001,1,6.4,23,36,8.4,66,66
1068569,7,18-14329,6-S30-1-D1.0m-D,38,6,6-S30,None Supplied,1,5/10/18,1303,0.1,69,0.16,0.05,0.05,0.05,0.05,0.05,0.05,0.05,0.05,0.05,0.05,0.05,0.05,0.05,0.05,0.05,0.05,0.8,1,1,1,1,1,1,0.001,0.001,0.001,1,2,8,8,8.4,10,10,0.001,0.001,0.001,1,2,10,10,8.4,10,10
1068570,7,18-14329,6-S30-1-D2.0m-D,38,6,6-S30,None Supplied,2,5/10/18,1305,0.1,15,0.16,0.05,0.05,0.05,0.05,0.05,0.05,0.05,0.05,0.05,0.05,0.05,0.05,0.05,0.05,0.05,0.05,0.8,1,1,1,1,1,1,0.001,0.001,0.001,1,2,8,8,8.4,10,10,0.001,0.001,0.001,1,2,10,10,8.4,10,10
1068571,7,18-14329,6-S30-s-D2.73m-D,38,6,6-S30,None Supplied,2.73,5/10/18,1309,0.1,13,0.16,0.05,0.05,0.05,0.05,0.05,0.05,0.05,0.05,0.05,0.05,0.05,0.05,0.05,0.05,0.05,0.05,0.8,1,1,1,1,1,1,0.001,0.001,0.001,1,2,8,8,8.4,10,10,0.001,0.001,0.001,1,2,10,10,8.4,10,10
,,,,,,,,,,,,,,,,,,,,,,,,,,,,,,,,,,,,,,,,,,,,,,,,,,,,,,,,
,,,,,,,,,,,,,,,,,,,,,,,,,,,,,,,,,,,,,,,,,,,,,,,,,,28,4300,29000,63000,14000,,
,,,,,,,,,,,,,,15,0.5,4.3,3,5.1,2.8,5.9,3.3,1.4,2.6,1.6,0.98,1.1,0.52,0.05,0.54,,,,,,,,0.001,0.001,0.52,,,,,,,,,,,,,,,,,